{
  "type": "Filesystem",
  "params": {
    "connection": "filesystem_managed",
    "path": "/PREDICTIVEMODELINGEXAMPLE.revenue_prediction"
  },
  "checks": [],
  "managed": true,
  "formatType": "csv",
  "formatParams": {
    "style": "unix",
    "charset": "utf8",
    "separator": "\t",
    "quoteChar": "\"",
    "escapeChar": "\\",
    "dateSerializationFormat": "ISO",
    "arrayMapFormat": "json",
    "hiveSeparators": [
      "\u0002",
      "\u0003",
      "\u0004",
      "\u0005",
      "\u0006",
      "\u0007",
      "\b"
    ],
    "skipRowsBeforeHeader": 0,
    "parseHeaderRow": false,
    "skipRowsAfterHeader": 0,
    "probableNumberOfRecords": 0,
    "compress": "gz"
  },
  "schema": {
    "userModified": false,
    "columns": [
      {
        "name": "customer_id",
        "type": "string",
        "timestampNoTzAsDate": false,
        "maxLength": -1
      },
      {
        "name": "ip",
        "type": "string",
        "timestampNoTzAsDate": false,
        "maxLength": -1
      },
      {
        "name": "ip_country",
        "type": "string",
        "timestampNoTzAsDate": false,
        "maxLength": -1
      },
      {
        "name": "ip_geopoint",
        "type": "string",
        "timestampNoTzAsDate": false,
        "maxLength": -1
      },
      {
        "name": "pages_visited",
        "type": "double",
        "timestampNoTzAsDate": false,
        "maxLength": -1
      },
      {
        "name": "campain",
        "type": "boolean",
        "timestampNoTzAsDate": false,
        "maxLength": -1
      },
      {
        "name": "prediction",
        "type": "float",
        "timestampNoTzAsDate": false,
        "maxLength": -1
      }
    ]
  },
  "partitioning": {
    "ignoreNonMatchingFile": false,
    "dimensions": []
  },
  "tags": [
    "creator_admin"
  ],
  "checklists": {
    "checklists": []
  },
  "flowOptions": {
    "rebuildBehavior": "NORMAL",
    "crossProjectBuildBehavior": "DEFAULT"
  },
  "customMeta": {
    "kv": {}
  }
}