{
    "usedGridSearch": true, 
    "gridSize": 3, 
    "modelInputNRows": 19846, 
    "modelInputNCols": 211, 
    "modelInputMemory": 33500048, 
    "lmCoefficients": {
        "variables": [
            "pages_visited", 
            "dummy:campain:False", 
            "dummy:campain:True", 
            "dummy:ip_country:United States", 
            "dummy:ip_country:China", 
            "dummy:ip_country:Japan", 
            "dummy:ip_country:Germany", 
            "dummy:ip_country:United Kingdom", 
            "dummy:ip_country:France", 
            "dummy:ip_country:Canada", 
            "dummy:ip_country:South Korea", 
            "dummy:ip_country:Brazil", 
            "dummy:ip_country:Italy", 
            "dummy:ip_country:Netherlands", 
            "dummy:ip_country:Russia", 
            "dummy:ip_country:Australia", 
            "dummy:ip_country:India", 
            "dummy:ip_country:Spain", 
            "dummy:ip_country:Taiwan", 
            "dummy:ip_country:Mexico", 
            "dummy:ip_country:South Africa", 
            "dummy:ip_country:Sweden", 
            "dummy:ip_country:Switzerland", 
            "dummy:ip_country:Poland", 
            "dummy:ip_country:Argentina", 
            "dummy:ip_country:Norway", 
            "dummy:ip_country:Finland", 
            "dummy:ip_country:Turkey", 
            "dummy:ip_country:Colombia", 
            "dummy:ip_country:Austria", 
            "dummy:ip_country:Indonesia", 
            "dummy:ip_country:Belgium", 
            "dummy:ip_country:Ukraine", 
            "dummy:ip_country:Denmark", 
            "dummy:ip_country:Romania", 
            "dummy:ip_country:Egypt", 
            "dummy:ip_country:Vietnam", 
            "dummy:ip_country:Chile", 
            "dummy:ip_country:Israel", 
            "dummy:ip_country:Thailand", 
            "dummy:ip_country:Greece", 
            "dummy:ip_country:Ireland", 
            "dummy:ip_country:Venezuela", 
            "dummy:ip_country:Iran", 
            "dummy:ip_country:Portugal", 
            "dummy:ip_country:Hungary", 
            "dummy:ip_country:Philippines", 
            "dummy:ip_country:New Zealand", 
            "dummy:ip_country:Singapore", 
            "dummy:ip_country:Malaysia", 
            "dummy:ip_country:Morocco", 
            "dummy:ip_country:Bulgaria", 
            "dummy:ip_country:Saudi Arabia", 
            "dummy:ip_country:United Arab Emirates", 
            "dummy:ip_country:Lithuania", 
            "dummy:ip_country:Slovenia", 
            "dummy:ip_country:Pakistan", 
            "dummy:ip_country:Algeria", 
            "dummy:ip_country:Peru", 
            "dummy:ip_country:Seychelles", 
            "dummy:ip_country:Ecuador", 
            "dummy:ip_country:Tunisia", 
            "dummy:ip_country:Slovakia", 
            "dummy:ip_country:Panama", 
            "dummy:ip_country:Uruguay", 
            "dummy:ip_country:Serbia", 
            "dummy:ip_country:Belarus", 
            "dummy:ip_country:Croatia", 
            "dummy:ip_country:Kuwait", 
            "dummy:ip_country:Latvia", 
            "dummy:ip_country:Kenya", 
            "dummy:ip_country:Kazakhstan", 
            "dummy:ip_country:Iceland", 
            "dummy:ip_country:Dominican Republic", 
            "dummy:ip_country:Bosnia and Herzegovina", 
            "dummy:ip_country:Nigeria", 
            "dummy:ip_country:Moldova", 
            "dummy:ip_country:Costa Rica", 
            "dummy:ip_country:Georgia", 
            "dummy:ip_country:Bangladesh", 
            "dummy:ip_country:Paraguay", 
            "dummy:ip_country:Bolivia", 
            "dummy:ip_country:Ghana", 
            "dummy:ip_country:Estonia", 
            "dummy:ip_country:Luxembourg", 
            "dummy:ip_country:Mauritius", 
            "dummy:ip_country:Angola", 
            "dummy:ip_country:Lebanon", 
            "dummy:ip_country:Namibia", 
            "dummy:ip_country:Albania", 
            "dummy:ip_country:El Salvador", 
            "dummy:ip_country:Cyprus", 
            "dummy:ip_country:Armenia", 
            "dummy:ip_country:Guatemala", 
            "dummy:ip_country:Bahrain", 
            "dummy:ip_country:Honduras", 
            "dummy:ip_country:Tanzania", 
            "dummy:ip_country:Nepal", 
            "dummy:ip_country:Oman", 
            "dummy:ip_country:Libya", 
            "dummy:ip_country:Sri Lanka", 
            "dummy:ip_country:Jamaica", 
            "dummy:ip_country:Trinidad and Tobago", 
            "dummy:ip_country:Senegal", 
            "dummy:ip_country:__Others__", 
            "dummy:customer_id:ac91f77186", 
            "dummy:customer_id:ce9873d43e", 
            "dummy:customer_id:591003f7ce", 
            "dummy:customer_id:7132339d8a", 
            "dummy:customer_id:ce7bd68e91", 
            "dummy:customer_id:1d945f9b6b", 
            "dummy:customer_id:6d608bda89", 
            "dummy:customer_id:8f4561e96b", 
            "dummy:customer_id:71300e1fa9", 
            "dummy:customer_id:9c4b7e1a56", 
            "dummy:customer_id:fa203d2371", 
            "dummy:customer_id:5158831359", 
            "dummy:customer_id:031f9ed919", 
            "dummy:customer_id:f0ad6c883d", 
            "dummy:customer_id:389e42af27", 
            "dummy:customer_id:dd3878114b", 
            "dummy:customer_id:6dadc8ea52", 
            "dummy:customer_id:b49c25d171", 
            "dummy:customer_id:539259fda3", 
            "dummy:customer_id:de51d3d09d", 
            "dummy:customer_id:ba4f0d2af7", 
            "dummy:customer_id:d239d595dd", 
            "dummy:customer_id:0eb42396f3", 
            "dummy:customer_id:29819aae99", 
            "dummy:customer_id:f8a9823cca", 
            "dummy:customer_id:4cae1f8df4", 
            "dummy:customer_id:8dc74385a2", 
            "dummy:customer_id:c871e723af", 
            "dummy:customer_id:63670e36d0", 
            "dummy:customer_id:f5a21826aa", 
            "dummy:customer_id:fd2f58a71a", 
            "dummy:customer_id:abc97a08e6", 
            "dummy:customer_id:ffb031f831", 
            "dummy:customer_id:5148e40370", 
            "dummy:customer_id:ad5b63fc6a", 
            "dummy:customer_id:3851b2e865", 
            "dummy:customer_id:a953c3f3ab", 
            "dummy:customer_id:671b385aba", 
            "dummy:customer_id:b7bf54b22f", 
            "dummy:customer_id:93aa93247b", 
            "dummy:customer_id:9bc27a60a7", 
            "dummy:customer_id:4564906138", 
            "dummy:customer_id:234c83d34c", 
            "dummy:customer_id:15bdac8851", 
            "dummy:customer_id:98441095ff", 
            "dummy:customer_id:5475ba1c15", 
            "dummy:customer_id:61385978e2", 
            "dummy:customer_id:7fb566bb70", 
            "dummy:customer_id:73920f996f", 
            "dummy:customer_id:91ca28692e", 
            "dummy:customer_id:c2dfdfa2a3", 
            "dummy:customer_id:180e551cdd", 
            "dummy:customer_id:e33879084e", 
            "dummy:customer_id:438db6d8df", 
            "dummy:customer_id:de1aa4d02c", 
            "dummy:customer_id:57eee8030c", 
            "dummy:customer_id:a103f52381", 
            "dummy:customer_id:35e9463d56", 
            "dummy:customer_id:a9dd7e3c6e", 
            "dummy:customer_id:9c54ff0b12", 
            "dummy:customer_id:87f794127e", 
            "dummy:customer_id:999a91685e", 
            "dummy:customer_id:f2aaeb444a", 
            "dummy:customer_id:994a2c8e4f", 
            "dummy:customer_id:9274111e50", 
            "dummy:customer_id:d0e4791100", 
            "dummy:customer_id:3dff32f4dc", 
            "dummy:customer_id:a4dc1548af", 
            "dummy:customer_id:47557ca2a8", 
            "dummy:customer_id:0f0545cf9b", 
            "dummy:customer_id:579f782569", 
            "dummy:customer_id:f3c858ef8e", 
            "dummy:customer_id:679547dc3b", 
            "dummy:customer_id:9f94ca769a", 
            "dummy:customer_id:3de1cc9e39", 
            "dummy:customer_id:9e4c7b2fcf", 
            "dummy:customer_id:3a313da8ff", 
            "dummy:customer_id:053d04d13d", 
            "dummy:customer_id:833e01fe66", 
            "dummy:customer_id:869d4e4e10", 
            "dummy:customer_id:45cb5bb56a", 
            "dummy:customer_id:9837849996", 
            "dummy:customer_id:dd4b7194e5", 
            "dummy:customer_id:4983dfa4a5", 
            "dummy:customer_id:886499a3ba", 
            "dummy:customer_id:772777c7ce", 
            "dummy:customer_id:c2cba15c1f", 
            "dummy:customer_id:50c88af0d9", 
            "dummy:customer_id:ada842dc06", 
            "dummy:customer_id:a03aafbba8", 
            "dummy:customer_id:b54f04389a", 
            "dummy:customer_id:f456ff82c9", 
            "dummy:customer_id:d47b20fb1a", 
            "dummy:customer_id:a535af428b", 
            "dummy:customer_id:4a2e6b435a", 
            "dummy:customer_id:adbf00ec03", 
            "dummy:customer_id:36f0bc33fa", 
            "dummy:customer_id:a3f9e3a56c", 
            "dummy:customer_id:415f5f6f0e", 
            "dummy:customer_id:88de39a6c3", 
            "dummy:customer_id:6faa7065d2", 
            "dummy:customer_id:__Others__"
        ], 
        "tstat": [
            2.671363594420785, 
            82.278592453819442, 
            -82.278592453819698, 
            173.81636434186501, 
            -761.23935920200302, 
            181.39778260333691, 
            395.98639433201333, 
            378.322311038843, 
            355.64049852434914, 
            873.5998938290154, 
            34.98613937295822, 
            -2206.2768182256077, 
            -226.89187347407605, 
            1187.0430605004028, 
            -2278.1601046388605, 
            1629.5840994347541, 
            -7475.3058364988956, 
            46.684668229038117, 
            1482.9209118630397, 
            -4697.0622567646169, 
            -6704.8517469497428, 
            2438.9330299210296, 
            3192.8327175111835, 
            -3585.8831027159067, 
            -5098.7270407255646, 
            7795.8632887884396, 
            1772.1077794516582, 
            -8764.7828464259965, 
            -12454.331986352359, 
            3953.5687846049523, 
            -18945.25565844879, 
            3892.6218130346292, 
            -15981.230596626847, 
            2735.5147346853191, 
            -9922.5760402960077, 
            -19498.224411115381, 
            -26143.600986600264, 
            -11578.097349829512, 
            -505.40400672930798, 
            -22867.854427957216, 
            -4178.6508576179785, 
            8102.4076429469569, 
            -17845.988484937145, 
            -23155.167803048462, 
            -6580.184586866395, 
            -10367.79604169796, 
            -51118.201628814495, 
            196.56318665484537, 
            32601.665915629488, 
            -22123.038485907557, 
            -43115.917605907343, 
            -23764.918502593682, 
            -2961.0980169670465, 
            753.16724397413861, 
            -10584.384363732715, 
            6420.4427391128856, 
            -84746.220211392894, 
            -63720.996507409007, 
            -54774.254432027628, 
            -19477.535500413691, 
            -60242.694897157402, 
            -67941.144396918709, 
            -15302.990659485398, 
            -56519.061556408466, 
            -63080.240033839225, 
            -62772.075513971417, 
            -52867.498079583733, 
            -58696.615424353724, 
            26044.308266091295, 
            -62844.95238513509, 
            -172098.94760453099, 
            -102134.09646602863, 
            68963.340399799228, 
            -112091.35621338124, 
            -172262.49626820456, 
            -171363.43263580042, 
            -266781.65043564985, 
            -88946.843863772679, 
            -281716.84423920541, 
            -201132.55634491399, 
            -214553.82280688916, 
            -340297.40714764874, 
            -248050.69756072963, 
            -82806.94259729737, 
            202150.00948984036, 
            -135088.37712856088, 
            -370871.96803159959, 
            -146925.02753578822, 
            -265220.43370631576, 
            -281718.41311068001, 
            -283578.4830744944, 
            -84538.693295812991, 
            -479813.65800028981, 
            -298993.10829022154, 
            -96991.898319319182, 
            -552279.99512665346, 
            -380517.02068244334, 
            -191313.12384687821, 
            -134040.28058284131, 
            -195699.7971182871, 
            -703958.30316821695, 
            -508469.83485519158, 
            -141321.27023502687, 
            -661906.27360454167, 
            -13116.152732360531, 
            162339.39340812885, 
            -37003.500523756273, 
            -65328.210190163409, 
            291339.79857147048, 
            239879.78522332734, 
            -95051.982324990298, 
            -35253.515594876655, 
            -108200.71858605968, 
            -22519.45984003197, 
            -53686.021609011164, 
            -192776.84455402594, 
            -133792.27280218885, 
            -85375.681700260233, 
            -251525.57027554882, 
            -238263.88484398305, 
            181162.58995011469, 
            -17853.723875900607, 
            -231687.50877478052, 
            36428.185820055514, 
            317657.51301413111, 
            -64574.634797066756, 
            340913.54871186946, 
            70817.251721626235, 
            -42132.406310364655, 
            100566.4150908851, 
            -168351.56745569597, 
            -121791.19752628617, 
            -406667.80016226013, 
            -98610.26233989402, 
            131041.56209687502, 
            -421563.90486788703, 
            -492078.12015828787, 
            258575.04744847814, 
            -81291.336555963586, 
            356322.80464342097, 
            94572.849130982591, 
            -189084.80886936211, 
            348467.31940973521, 
            -162235.04087239382, 
            -431046.75851483789, 
            240002.13242823377, 
            877736.9648507355, 
            -458528.01867329207, 
            -488338.56973021536, 
            -71085.242807903822, 
            22642.037183930977, 
            -258788.79346252189, 
            717317.46078196587, 
            -105610.59397757475, 
            257576.43291374308, 
            -140652.81860416956, 
            457255.37605136592, 
            -358627.97587694548, 
            -415300.31520183553, 
            119672.55254428134, 
            -371284.26838268264, 
            -876031.84062461194, 
            33691.636638644777, 
            760579.24950142065, 
            -328100.09573318384, 
            -379348.26171673165, 
            507043.37355051766, 
            -621448.5345451032, 
            177536.5421131319, 
            371075.46027261886, 
            69117.138268414739, 
            -276812.68853661721, 
            641205.39176566037, 
            223819.37138710191, 
            893794.61849509145, 
            196409.34138360765, 
            -418215.9025757715, 
            190332.07094048793, 
            469852.40333074215, 
            -200080.01897203, 
            -390444.74196628912, 
            16894.226377187493, 
            -1035.6631473902341, 
            146168.313576671, 
            -473106.57870891452, 
            12329.185833363963, 
            1188.1488143792974, 
            -566657.63621711754, 
            -381061.01854068803, 
            1423320.751646094, 
            -552958.46675830986, 
            418754.48070881364, 
            -518443.28273061913, 
            157019.05612866677, 
            -121706.5119757838, 
            436315.89936375525, 
            125927.7322616376, 
            106754.28617965798, 
            -381663.16447562509, 
            27113.603610742157, 
            -257691.80827397865, 
            -127365.16973047507, 
            -200337.73568238097, 
            244519.9961347745, 
            -122660.31406626018, 
            -95455.516743225962, 
            -125.96274666092918
        ], 
        "interceptCoef": 165.55274502456354, 
        "pvalue": [
            0.0037803035497759874, 
            0.0, 
            0.0, 
            0.0, 
            0.0, 
            0.0, 
            0.0, 
            0.0, 
            0.0, 
            0.0, 
            0.0, 
            0.0, 
            0.0, 
            0.0, 
            0.0, 
            0.0, 
            0.0, 
            0.0, 
            0.0, 
            0.0, 
            0.0, 
            0.0, 
            0.0, 
            0.0, 
            0.0, 
            0.0, 
            0.0, 
            0.0, 
            0.0, 
            0.0, 
            0.0, 
            0.0, 
            0.0, 
            0.0, 
            0.0, 
            0.0, 
            0.0, 
            0.0, 
            0.0, 
            0.0, 
            0.0, 
            0.0, 
            0.0, 
            0.0, 
            0.0, 
            0.0, 
            0.0, 
            0.0, 
            0.0, 
            0.0, 
            0.0, 
            0.0, 
            0.0, 
            0.0, 
            0.0, 
            0.0, 
            0.0, 
            0.0, 
            0.0, 
            0.0, 
            0.0, 
            0.0, 
            0.0, 
            0.0, 
            0.0, 
            0.0, 
            0.0, 
            0.0, 
            0.0, 
            0.0, 
            0.0, 
            0.0, 
            0.0, 
            0.0, 
            0.0, 
            0.0, 
            0.0, 
            0.0, 
            0.0, 
            0.0, 
            0.0, 
            0.0, 
            0.0, 
            0.0, 
            0.0, 
            0.0, 
            0.0, 
            0.0, 
            0.0, 
            0.0, 
            0.0, 
            0.0, 
            0.0, 
            0.0, 
            0.0, 
            0.0, 
            0.0, 
            0.0, 
            0.0, 
            0.0, 
            0.0, 
            0.0, 
            0.0, 
            0.0, 
            0.0, 
            0.0, 
            0.0, 
            0.0, 
            0.0, 
            0.0, 
            0.0, 
            0.0, 
            0.0, 
            0.0, 
            0.0, 
            0.0, 
            0.0, 
            0.0, 
            0.0, 
            0.0, 
            0.0, 
            0.0, 
            0.0, 
            0.0, 
            0.0, 
            0.0, 
            0.0, 
            0.0, 
            0.0, 
            0.0, 
            0.0, 
            0.0, 
            0.0, 
            0.0, 
            0.0, 
            0.0, 
            0.0, 
            0.0, 
            0.0, 
            0.0, 
            0.0, 
            0.0, 
            0.0, 
            0.0, 
            0.0, 
            0.0, 
            0.0, 
            0.0, 
            0.0, 
            0.0, 
            0.0, 
            0.0, 
            0.0, 
            0.0, 
            0.0, 
            0.0, 
            0.0, 
            0.0, 
            0.0, 
            0.0, 
            0.0, 
            0.0, 
            0.0, 
            0.0, 
            0.0, 
            0.0, 
            0.0, 
            0.0, 
            0.0, 
            0.0, 
            0.0, 
            0.0, 
            0.0, 
            0.0, 
            0.0, 
            0.0, 
            0.0, 
            0.0, 
            0.0, 
            0.0, 
            0.0, 
            0.0, 
            0.0, 
            0.0, 
            0.0, 
            0.0, 
            0.0, 
            0.0, 
            0.0, 
            0.0, 
            0.0, 
            0.0, 
            0.0, 
            0.0, 
            0.0, 
            0.0, 
            0.0, 
            0.0, 
            0.0, 
            0.0, 
            0.0, 
            0.0, 
            0.0, 
            0.0, 
            0.0, 
            0.0, 
            0.0
        ], 
        "coefs": [
            2.6704661284428424, 
            15.851990455940735, 
            -15.851990455940783, 
            41.457354030885462, 
            -65.201973091273899, 
            10.671223519754239, 
            14.672609936709517, 
            13.189330709554955, 
            10.121760162590862, 
            23.576909782492766, 
            0.92256010829480095, 
            -54.914123521506937, 
            -3.9745061950599547, 
            19.754752170926018, 
            -35.026499339697644, 
            22.346130170229937, 
            -89.303644997793597, 
            0.5278654990277073, 
            15.086664995320783, 
            -44.539360334085821, 
            -58.604975067130894, 
            20.231219016225992, 
            25.852196910100545, 
            -23.695984050186606, 
            -33.439617673634856, 
            42.593562811136856, 
            9.1522256154192831, 
            -44.39263865724697, 
            -62.458776184225897, 
            19.038491052588004, 
            -87.450075216906299, 
            17.773813946334787, 
            -71.375264491105042, 
            11.944186949667941, 
            -40.847449278661436, 
            -78.31837966526507, 
            -90.633202378219423, 
            -33.184003714703152, 
            -1.4485392487201858, 
            -64.39622126295221, 
            -11.139132699026847, 
            20.786773296118419, 
            -43.995117472979743, 
            -48.956258942131186, 
            -13.252087847814213, 
            -20.35992217993001, 
            -97.819161504742254, 
            0.36627674927934584, 
            60.750094745035838, 
            -40.113857577981008, 
            -76.01436442757155, 
            -41.898103437329851, 
            -4.9231853554762255, 
            0.94960209621377645, 
            -12.813060488757094, 
            7.4496943667065558, 
            -98.331760746411959, 
            -73.936014697292109, 
            -55.295465053773022, 
            -18.683653757432694, 
            -57.7872725658357, 
            -61.755893446284382, 
            -13.140326504329026, 
            -48.531619674559195, 
            -54.165552894872405, 
            -53.900939101515384, 
            -42.737416340290835, 
            -47.449601026708748, 
            19.743996983714521, 
            -41.319791934167561, 
            -95.835499602421507, 
            -56.874677605559469, 
            34.932872947930413, 
            -51.138030377212338, 
            -69.919131213605638, 
            -69.554212850959814, 
            -108.28323997552137, 
            -36.102379693049301, 
            -100.16492143877502, 
            -71.513035578241812, 
            -65.484255358418764, 
            -103.86262065123621, 
            -75.70788070050267, 
            -25.273616212245038, 
            61.698471129335864, 
            -34.429406858835421, 
            -94.522579597984816, 
            -37.446164194874633, 
            -67.595617131897157, 
            -71.800387796370927, 
            -72.274456009575701, 
            -21.546021416971115, 
            -98.129185001925578, 
            -61.14863457616336, 
            -19.836317235176928, 
            -112.94965224731723, 
            -77.821513615409614, 
            -39.126441297040515, 
            -20.663585553313965, 
            -30.16898713533109, 
            -108.52187536635371, 
            -78.38546657857917, 
            -21.786019436147757, 
            -102.03915459912545, 
            -30.362182660168088, 
            131.23311101405739, 
            -18.74385107988207, 
            -29.803868113023118, 
            118.25107638257228, 
            97.364118957197917, 
            -33.795900163137908, 
            -12.534449722158396, 
            -38.470956559449561, 
            -8.0068337120984552, 
            -16.385581492930559, 
            -58.837675091570063, 
            -40.834916118215403, 
            -21.759341133481009, 
            -64.10526485321536, 
            -60.725314830403654, 
            46.172147815921271, 
            -4.55030355930396, 
            -59.049221504270882, 
            9.2842986005698229, 
            64.965788993435268, 
            -13.2064941853516, 
            69.722001725907177, 
            14.483204218240912, 
            -8.6167173953258711, 
            20.567360238478159, 
            -34.430454058091925, 
            -24.908150808945404, 
            -83.169745444020009, 
            -20.167297272379894, 
            26.799990945521984, 
            -86.216225239027793, 
            -100.63745390170395, 
            52.882526882838206, 
            -12.531833567964176, 
            54.930553161559601, 
            14.579305194985366, 
            -29.149223710325852, 
            53.719555314619406, 
            -25.010076316128192, 
            -66.449962155556989, 
            36.998613960253493, 
            135.31151074612933, 
            -70.686460079374669, 
            -75.282040374176006, 
            -10.958467036566654, 
            3.490485624299462, 
            -39.894756641058983, 
            110.58131671541371, 
            -16.280878662016754, 
            39.707859718639682, 
            -21.682971252404705, 
            70.490270101386713, 
            -55.285917256530418, 
            -64.022497984758303, 
            18.44866346988811, 
            -57.237005256666684, 
            -135.04864961086255, 
            5.1938865920497275, 
            117.25053337556055, 
            -50.579753852746236, 
            -58.480146612644987, 
            78.16556398601881, 
            -95.802208893601602, 
            27.368948429848654, 
            57.204815498276261, 
            10.655064981954789, 
            -42.673311686214596, 
            98.84791655451086, 
            34.50388725714425, 
            137.78695095278073, 
            30.278370139951708, 
            -64.471963540018933, 
            29.341501034739533, 
            72.43222180256916, 
            -30.844240041574945, 
            -60.190774701309209, 
            2.6044058590754373, 
            -0.15965733552225961, 
            22.533237319721078, 
            -72.933883922642124, 
            1.9006613919535171, 
            0.18316445302292247, 
            -87.355670209705508, 
            -58.744184385543534, 
            219.41844640700691, 
            -85.243812797213252, 
            64.554990487447427, 
            -79.922968533508509, 
            24.205982602446586, 
            -18.762217683159584, 
            67.262250388994048, 
            19.412958983736136, 
            16.457189704948377, 
            -58.83701091491286, 
            4.1798201662443839, 
            -39.725645928998077, 
            -19.634553656514189, 
            -30.88396952639636, 
            37.695085668700955, 
            -18.90925535729582, 
            -9.9081651966362436, 
            -2.4324707896923283
        ]
    }, 
    "modelInputIsSparse": false
}