{
    "metrics": {
        "pearson": 0.68461973310518054, 
        "r2": 0.46732213088828312, 
        "rmse": 49.96113540343926, 
        "mape": 0.23327113650729503, 
        "mae": 37.178889015033157, 
        "mse": 2496.1150508007913, 
        "evs": 0.46743261527232394, 
        "rmsle": 0
    }, 
    "scatterPlotData": {
        "y": [
            224.5899, 
            160.3935, 
            110.5812, 
            178.38, 
            187.6055, 
            186.5494, 
            219.3095, 
            113.7062, 
            156.8193, 
            101.8377, 
            196.3219, 
            75.8085, 
            178.38, 
            193.5808, 
            122.938, 
            184.4372, 
            112.6501, 
            159.7646, 
            220.3655, 
            115.3933, 
            110.5379, 
            187.6055, 
            221.4216, 
            220.3655, 
            187.6055, 
            129.2351, 
            147.5808, 
            220.3655, 
            220.4457, 
            185.1112, 
            184.8056, 
            203.3665, 
            189.7177, 
            175.9898, 
            221.4216, 
            135.9485, 
            219.3095, 
            202.3077, 
            142.8256, 
            187.6055, 
            220.3655, 
            189.03, 
            55.5149, 
            223.5338, 
            190.7738, 
            221.4216, 
            123.9941, 
            174.9337, 
            185.4933, 
            218.2534, 
            121.3593, 
            193.1536, 
            83.3187, 
            220.3655, 
            220.3655, 
            57.9006, 
            219.3095, 
            187.4672, 
            203.5412, 
            222.4777, 
            181.9429, 
            220.3655, 
            193.9949, 
            190.7738, 
            220.3655, 
            193.8038, 
            147.5705, 
            186.4111, 
            186.1673, 
            121.0989, 
            50.5694, 
            199.1394, 
            186.5494, 
            142.8256, 
            222.4777, 
            108.4257, 
            220.3655, 
            223.5338, 
            223.5338, 
            148.7882, 
            225.646, 
            199.719, 
            190.4125, 
            193.1536, 
            157.8754, 
            186.5494, 
            192.5247, 
            201.2543, 
            84.3241, 
            147.0707, 
            193.5808, 
            140.7134, 
            122.4154, 
            169.5503, 
            187.4672, 
            110.5379, 
            189.7177, 
            120.3032, 
            193.2543, 
            110.5379, 
            191.0414, 
            112.6501, 
            185.355, 
            219.3095, 
            158.7085, 
            217.1973, 
            173.8776, 
            185.5734, 
            189.7963, 
            187.6856, 
            179.8578, 
            193.9421, 
            111.594, 
            110.5379, 
            178.7747, 
            218.2534, 
            145.4686, 
            188.5233, 
            221.4216, 
            192.0975, 
            117.9306, 
            218.2534, 
            218.2534, 
            111.594, 
            220.3655, 
            220.3655, 
            140.7134, 
            220.3655, 
            218.2534, 
            196.9721, 
            193.5808, 
            160.3935, 
            219.3095, 
            202.3104, 
            222.4777, 
            219.3095, 
            220.3655, 
            181.5483, 
            84.1144, 
            222.4777, 
            220.3655, 
            190.0861, 
            186.9178, 
            186.5494, 
            218.2534, 
            110.0457, 
            116.8745, 
            88.5485, 
            111.594, 
            185.4933, 
            111.594, 
            226.7021, 
            190.8539, 
            189.7177, 
            188.6616, 
            218.2534, 
            112.6501, 
            220.3655, 
            188.5233, 
            154.1561, 
            189.7177, 
            165.3232, 
            158.1712, 
            156.8193, 
            183.3811, 
            122.938, 
            125.0502, 
            190.4125, 
            194.9982, 
            219.3095, 
            190.7738, 
            138.6445, 
            172.9289, 
            223.5338, 
            190.0861, 
            156.8193, 
            116.8745, 
            219.3095, 
            217.1973, 
            129.9519, 
            142.9643, 
            186.5494, 
            191.2287, 
            185.3018, 
            88.5992, 
            186.4111, 
            127.7326, 
            222.4777, 
            223.5338, 
            169.725, 
            219.3095, 
            116.4494, 
            190.6355, 
            188.5233, 
            222.4777, 
            193.5808, 
            188.9292, 
            223.5338, 
            183.3811, 
            218.2534, 
            219.3095, 
            219.3095, 
            159.3374, 
            218.2534, 
            187.6055, 
            200.7751, 
            223.5338, 
            188.5233, 
            218.2534, 
            199.695, 
            195.051, 
            189.03, 
            218.2534, 
            189.7177, 
            111.1689, 
            204.4226, 
            172.8215, 
            228.8143, 
            190.4125, 
            114.2899, 
            110.5379, 
            223.5338, 
            217.1973, 
            83.6893, 
            173.8776, 
            102.8938, 
            189.5794, 
            220.3655, 
            113.7062, 
            159.3374, 
            220.3655, 
            187.6055, 
            87.5605, 
            110.5379, 
            203.5412, 
            177.7186, 
            110.0655, 
            221.4216, 
            113.7062, 
            191.0414, 
            188.5233, 
            178.102, 
            95.077, 
            193.5808, 
            84.1144, 
            140.4512, 
            166.0341, 
            147.0707, 
            127.7326, 
            217.1973, 
            89.6045, 
            217.1973, 
            218.2534, 
            224.5899, 
            217.1973, 
            147.0707, 
            216.1412, 
            80.9461, 
            187.4672, 
            120.8258, 
            89.1218, 
            201.429, 
            188.6616, 
            219.3095, 
            115.8184, 
            192.0975, 
            146.676, 
            192.0975, 
            221.4216, 
            112.6501, 
            205.4787, 
            183.3811, 
            191.0414, 
            189.7177, 
            219.3095, 
            157.8754, 
            188.9292, 
            186.5494, 
            188.5233, 
            218.2534, 
            198.4341, 
            215.0851, 
            220.3655, 
            76.7218, 
            219.3095, 
            145.5737, 
            190.6355, 
            188.5233, 
            199.719, 
            186.5494, 
            221.4216, 
            127.6959, 
            193.7223, 
            220.3655, 
            121.8819, 
            202.4851, 
            187.4672, 
            155.7632, 
            203.5412, 
            192.5247, 
            220.3655, 
            123.9941, 
            122.938, 
            194.5698, 
            219.3095, 
            113.7062, 
            134.3688, 
            216.1412, 
            216.1412, 
            99.6828, 
            87.2189, 
            218.2534, 
            184.8056, 
            156.2699, 
            162.0998, 
            195.916, 
            228.8143, 
            219.3095, 
            218.2534, 
            208.8217, 
            196.5508, 
            188.6616, 
            197.1103, 
            116.4021, 
            219.3095, 
            172.0003, 
            191.6916, 
            196.5508, 
            170.7811, 
            189.7177, 
            223.5338, 
            147.7321, 
            159.3374, 
            115.8184, 
            218.2534, 
            148.1268, 
            185.4933, 
            220.3655, 
            113.7062, 
            103.9161, 
            108.4257, 
            189.5794, 
            189.03, 
            221.4216, 
            158.9315, 
            217.1973, 
            186.5494, 
            219.3095, 
            217.1973, 
            235.4339, 
            189.1165, 
            223.5338, 
            80.9461, 
            218.2534, 
            222.4777, 
            92.0158, 
            174.9337, 
            145.4686, 
            143.9024, 
            222.4777, 
            175.1686, 
            221.4216, 
            188.6616, 
            148.7882, 
            219.3095, 
            188.6616, 
            162.9329, 
            204.9995, 
            188.6616, 
            163.5618, 
            177.7186, 
            200.3729, 
            122.938, 
            112.6501, 
            188.9292, 
            115.8184, 
            195.2658, 
            188.6616, 
            179.5719, 
            226.7021, 
            78.8339, 
            226.7021, 
            190.0861, 
            106.3568, 
            158.3805, 
            68.8858, 
            216.2213, 
            104.25, 
            196.5508, 
            190.0861, 
            196.3219, 
            195.4947, 
            222.4777, 
            157.8754, 
            219.3095, 
            143.8817, 
            80.9461, 
            84.1144, 
            188.6616, 
            185.1112, 
            220.3655, 
            111.7187, 
            85.1067, 
            202.4851, 
            196.7491, 
            220.4457, 
            99.5337, 
            217.1973, 
            114.7623, 
            111.594, 
            89.3949, 
            222.4777, 
            221.4216, 
            112.1777, 
            184.8056, 
            189.7177, 
            134.5699, 
            220.3655, 
            202.3104, 
            223.5338, 
            187.6055, 
            143.2297, 
            219.3095, 
            219.3095, 
            148.7882, 
            112.6501, 
            75.8289, 
            159.1484, 
            187.6055, 
            224.5899, 
            74.7729, 
            218.2534, 
            159.7646, 
            109.4818, 
            156.8193, 
            185.4933, 
            178.7747, 
            179.1581, 
            220.3655, 
            223.5338, 
            113.7062, 
            218.3335, 
            187.6055, 
            117.9306, 
            65.7175, 
            191.1422, 
            135.4249, 
            192.7477, 
            186.5494, 
            128.2185, 
            219.3095, 
            189.7177, 
            188.5233, 
            141.2249, 
            224.5899, 
            114.7623, 
            163.989, 
            173.8776, 
            135.4249, 
            218.2534, 
            200.3729, 
            220.3655, 
            202.3104, 
            76.7218, 
            222.4777, 
            109.4818, 
            199.1394, 
            190.6355, 
            220.3655, 
            159.3374, 
            187.4672, 
            116.8745, 
            219.3095, 
            179.2655, 
            215.0851, 
            157.326, 
            219.3095, 
            80.9461, 
            221.4216, 
            219.3095, 
            77.4081, 
            87.4924, 
            194.2097, 
            218.2534, 
            217.2774, 
            218.2534, 
            193.5808, 
            223.5338, 
            183.3811, 
            176.2678, 
            122.4521, 
            135.5717, 
            192.0975, 
            112.6501, 
            53.4027, 
            219.3095, 
            188.6616, 
            91.7167, 
            191.8299, 
            195.9711, 
            220.3655, 
            189.7177, 
            188.5233, 
            187.4672, 
            218.2534, 
            189.9853, 
            122.938, 
            218.2534, 
            193.9949, 
            192.1982, 
            154.1561, 
            178.7747, 
            218.2534, 
            202.4851, 
            219.3095, 
            123.9941, 
            239.6583, 
            220.3655, 
            223.5338, 
            165.7679, 
            184.7165, 
            113.7062, 
            220.3655, 
            197.1103, 
            196.4226, 
            111.594, 
            220.3655, 
            219.3095, 
            203.5412, 
            189.03, 
            158.3821, 
            169.725, 
            139.6573, 
            164.6179, 
            187.6055, 
            187.6055, 
            195.4947, 
            221.4216, 
            224.5899, 
            220.3655, 
            78.8339, 
            190.0861, 
            165.0451, 
            193.1536, 
            190.4125, 
            189.7177, 
            220.3655, 
            178.7747, 
            192.5247, 
            219.3095, 
            207.1117, 
            133.3127, 
            189.7177, 
            222.4777, 
            224.5899, 
            187.4672, 
            187.6055, 
            196.3219, 
            120.8258, 
            219.3095, 
            219.3095, 
            189.7177, 
            218.2534, 
            115.3933, 
            190.7738, 
            145.9939, 
            197.8052, 
            124.7321, 
            218.2534, 
            220.3655, 
            199.9174, 
            113.7062, 
            202.3077, 
            83.0583, 
            91.7167, 
            197.6068, 
            185.9482, 
            223.5338, 
            188.3003, 
            113.7062, 
            192.6662, 
            188.6616, 
            225.646, 
            197.1905, 
            80.9461, 
            188.6616, 
            221.4216, 
            191.8299, 
            189.7177, 
            189.5794, 
            193.1536, 
            202.3077, 
            192.0975, 
            88.2898, 
            111.594, 
            219.3095, 
            112.6501, 
            95.7371, 
            224.5899, 
            113.7062, 
            152.0439, 
            145.3419, 
            175.9898, 
            130.1444, 
            221.4216, 
            103.9499, 
            187.9739, 
            148.1268, 
            189.9853, 
            218.2534, 
            93.8289, 
            200.3729, 
            190.6355, 
            221.4216, 
            120.0428, 
            221.4216, 
            188.6616, 
            120.8258, 
            111.594, 
            210.2015, 
            222.4777, 
            226.7822, 
            191.0414, 
            178.7747, 
            165.5006, 
            112.6501, 
            220.3655, 
            221.4216, 
            111.594, 
            219.3095, 
            123.9941, 
            81.089, 
            203.3665, 
            192.5247, 
            157.326, 
            219.3095, 
            186.5494, 
            187.4672, 
            188.5233, 
            186.9178, 
            85.4335, 
            178.38, 
            82.0022, 
            146.676, 
            92.2901, 
            111.594, 
            217.1973, 
            205.6534, 
            166.3793, 
            218.2534, 
            186.4111, 
            205.6534, 
            217.1973, 
            190.6355, 
            218.2534, 
            199.719, 
            217.1973, 
            174.1125, 
            185.355, 
            193.8038, 
            193.8038, 
            87.2337, 
            189.7177, 
            217.1973, 
            101.8377, 
            193.8038, 
            87.2189, 
            219.3095, 
            111.1216, 
            175.6064, 
            216.1412, 
            187.6055, 
            118.9867, 
            113.7062, 
            188.9292, 
            219.3095, 
            78.8339, 
            189.7177, 
            114.7623, 
            195.4947, 
            220.3655, 
            218.3335, 
            189.7177, 
            220.3655, 
            220.3655, 
            112.6501, 
            190.0861, 
            107.5329, 
            190.6355, 
            227.7582, 
            137.9492, 
            188.9292, 
            223.5338, 
            217.1973, 
            165.6561, 
            168.4942, 
            190.4125, 
            177.7186, 
            147.0707, 
            221.4216, 
            126.1063, 
            111.594, 
            188.5233, 
            122.1606, 
            186.5494, 
            188.6616, 
            145.9939, 
            136.0643, 
            194.3104, 
            202.8873, 
            102.6649, 
            201.9625, 
            221.4216, 
            190.0861, 
            192.7477, 
            194.9982, 
            169.5476, 
            91.4581, 
            210.0409, 
            174.9337, 
            149.5663, 
            219.3095, 
            219.3095, 
            219.3095, 
            117.9306, 
            111.1216, 
            222.4777, 
            219.3095, 
            119.6177, 
            220.3655, 
            219.3095, 
            157.326, 
            220.3655, 
            187.6055, 
            223.5338, 
            111.594, 
            223.5338, 
            80.9461, 
            120.3032, 
            191.8299, 
            220.3655, 
            218.2534, 
            186.5494, 
            153.2678, 
            219.3095, 
            54.7323, 
            103.1708, 
            176.2247, 
            141.7695, 
            157.326, 
            224.5899, 
            185.4933, 
            225.646, 
            123.04, 
            216.1412, 
            219.3095, 
            114.7623, 
            139.6493, 
            191.6916, 
            159.7646, 
            114.7623, 
            189.7177, 
            177.7186, 
            194.9982, 
            122.938, 
            193.5808, 
            220.3655, 
            114.7623, 
            218.2534, 
            157.8754, 
            157.3244, 
            172.8215, 
            192.5247, 
            218.2534, 
            188.5233, 
            205.8165, 
            88.5485, 
            193.5808, 
            187.6055, 
            188.5233, 
            187.6055, 
            193.2543, 
            204.7604, 
            72.2459, 
            187.9739, 
            114.7623, 
            219.3095, 
            193.8038, 
            160.3935, 
            220.3655, 
            116.4494, 
            218.2534, 
            83.0583, 
            222.4777, 
            184.8056, 
            216.1412, 
            224.5899, 
            181.5483, 
            188.6616, 
            187.6055, 
            112.6501, 
            223.5338, 
            119.2471, 
            217.1973, 
            185.4933, 
            219.3095, 
            217.1973, 
            82.0022, 
            213.9098, 
            220.3655, 
            216.1412, 
            155.7632, 
            219.3095, 
            117.6803, 
            114.7623, 
            219.3095, 
            215.0851, 
            192.6662, 
            154.2442, 
            191.6916, 
            243.1474, 
            223.5338, 
            79.9044, 
            197.0272, 
            179.1581, 
            196.7491, 
            189.7177, 
            176.2678, 
            109.354, 
            109.4818, 
            216.1412, 
            133.857, 
            218.2534, 
            199.4902, 
            186.5494, 
            217.1973, 
            193.9949, 
            218.2534, 
            145.7557, 
            61.0689, 
            188.6616, 
            78.8339, 
            176.6625, 
            220.3655, 
            170.7093, 
            112.1777, 
            196.7491, 
            195.9711, 
            218.2534, 
            50.4411, 
            118.9867, 
            196.0543, 
            170.8167, 
            188.6616, 
            221.4216, 
            83.0583, 
            83.0583, 
            218.2534, 
            79.89, 
            191.4686, 
            193.1536, 
            80.9461, 
            188.5233, 
            187.4672, 
            217.1973, 
            118.9867, 
            194.9982, 
            186.4111, 
            163.9219, 
            94.4023, 
            219.3095, 
            88.275, 
            219.3095, 
            219.3095, 
            154.1577, 
            186.5494, 
            127.7702, 
            222.4777, 
            217.1973, 
            217.1973, 
            185.4933, 
            207.9287, 
            194.2097, 
            221.4216, 
            187.4672, 
            117.5055, 
            223.5338, 
            221.4216, 
            157.3244, 
            218.2534, 
            199.3168, 
            88.5485, 
            190.4125, 
            112.6501, 
            188.6616, 
            195.693, 
            209.8778, 
            156.3564, 
            220.3655, 
            121.8819, 
            161.5866, 
            218.2534, 
            218.2534, 
            191.0414, 
            197.8052, 
            216.1412, 
            91.7167, 
            192.0975, 
            179.8308, 
            220.3655, 
            109.4818, 
            115.7859, 
            218.2534, 
            187.9739, 
            185.6111, 
            89.6045, 
            190.7738, 
            217.1973, 
            190.7738, 
            219.3095, 
            220.3655, 
            185.8617, 
            191.4686, 
            186.5494, 
            165.941, 
            220.3655, 
            221.4216, 
            215.0851, 
            215.0851, 
            66.3494, 
            220.3655, 
            224.5899, 
            168.2134, 
            113.7062, 
            186.9178, 
            194.2097, 
            132.4034, 
            139.6573, 
            121.8819, 
            220.3655, 
            188.6616, 
            111.594, 
            124.5276, 
            102.702, 
            89.6045, 
            90.451, 
            221.4216, 
            220.3655, 
            227.7582, 
            219.3095, 
            165.674, 
            220.3655, 
            196.7491, 
            219.3095, 
            161.8768, 
            137.5371, 
            193.9421, 
            109.4818, 
            179.8308, 
            161.5504, 
            163.989, 
            221.4216, 
            133.3127, 
            187.6055, 
            81.2239, 
            112.6501, 
            188.0604, 
            143.8817, 
            114.7623, 
            223.5338, 
            198.6629, 
            193.9949, 
            193.8038, 
            200.9735, 
            221.4216, 
            186.9178, 
            113.7062, 
            219.3095, 
            219.3095, 
            116.0962, 
            161.4496, 
            218.2534, 
            121.1209, 
            223.5338, 
            188.6616, 
            118.8652, 
            62.125, 
            190.4125, 
            219.3095, 
            155.2122, 
            198.6522, 
            117.9306, 
            186.5494, 
            194.6369, 
            218.2534, 
            185.4933, 
            168.4915, 
            185.7726, 
            218.2534, 
            196.7491
        ], 
        "x": [
            320.0, 
            173.0, 
            122.0, 
            189.0, 
            245.0, 
            226.0, 
            227.0, 
            184.0, 
            131.0, 
            78.0, 
            226.0, 
            83.0, 
            186.0, 
            233.0, 
            190.0, 
            181.0, 
            99.0, 
            159.0, 
            233.0, 
            169.0, 
            180.0, 
            226.0, 
            287.0, 
            196.0, 
            173.0, 
            146.0, 
            176.0, 
            182.0, 
            365.0, 
            227.0, 
            156.0, 
            344.0, 
            230.0, 
            157.0, 
            254.0, 
            104.0, 
            187.0, 
            198.0, 
            133.0, 
            215.0, 
            214.0, 
            213.0, 
            67.0, 
            245.0, 
            162.0, 
            224.0, 
            100.0, 
            165.0, 
            179.0, 
            167.0, 
            103.0, 
            159.0, 
            95.0, 
            331.0, 
            153.0, 
            67.0, 
            200.0, 
            210.0, 
            277.0, 
            327.0, 
            206.0, 
            253.0, 
            268.0, 
            184.0, 
            142.0, 
            256.0, 
            124.0, 
            274.0, 
            175.0, 
            130.0, 
            57.0, 
            199.0, 
            188.0, 
            118.0, 
            214.0, 
            144.0, 
            297.0, 
            335.0, 
            241.0, 
            150.0, 
            192.0, 
            177.0, 
            184.0, 
            201.0, 
            147.0, 
            178.0, 
            170.0, 
            296.0, 
            65.0, 
            105.0, 
            181.0, 
            140.0, 
            106.0, 
            224.0, 
            161.0, 
            66.0, 
            185.0, 
            79.0, 
            150.0, 
            96.0, 
            210.0, 
            94.0, 
            196.0, 
            237.0, 
            168.0, 
            211.0, 
            219.0, 
            143.0, 
            212.0, 
            155.0, 
            141.0, 
            128.0, 
            81.0, 
            89.0, 
            178.0, 
            156.0, 
            134.0, 
            197.0, 
            159.0, 
            169.0, 
            71.0, 
            242.0, 
            178.0, 
            63.0, 
            174.0, 
            263.0, 
            116.0, 
            186.0, 
            236.0, 
            188.0, 
            395.0, 
            172.0, 
            186.0, 
            196.0, 
            232.0, 
            245.0, 
            193.0, 
            256.0, 
            71.0, 
            424.0, 
            197.0, 
            137.0, 
            162.0, 
            224.0, 
            232.0, 
            140.0, 
            86.0, 
            47.0, 
            171.0, 
            238.0, 
            81.0, 
            211.0, 
            149.0, 
            262.0, 
            128.0, 
            257.0, 
            95.0, 
            165.0, 
            251.0, 
            200.0, 
            158.0, 
            186.0, 
            155.0, 
            228.0, 
            134.0, 
            103.0, 
            91.0, 
            175.0, 
            141.0, 
            217.0, 
            156.0, 
            210.0, 
            249.0, 
            253.0, 
            250.0, 
            176.0, 
            119.0, 
            180.0, 
            219.0, 
            93.0, 
            132.0, 
            156.0, 
            181.0, 
            174.0, 
            119.0, 
            172.0, 
            213.0, 
            244.0, 
            275.0, 
            129.0, 
            270.0, 
            164.0, 
            191.0, 
            221.0, 
            165.0, 
            295.0, 
            195.0, 
            163.0, 
            170.0, 
            219.0, 
            233.0, 
            267.0, 
            131.0, 
            269.0, 
            168.0, 
            290.0, 
            206.0, 
            276.0, 
            153.0, 
            284.0, 
            228.0, 
            139.0, 
            255.0, 
            126.0, 
            70.0, 
            132.0, 
            187.0, 
            163.0, 
            222.0, 
            129.0, 
            64.0, 
            218.0, 
            142.0, 
            82.0, 
            127.0, 
            61.0, 
            236.0, 
            207.0, 
            92.0, 
            157.0, 
            220.0, 
            160.0, 
            66.0, 
            96.0, 
            191.0, 
            207.0, 
            129.0, 
            219.0, 
            76.0, 
            257.0, 
            187.0, 
            284.0, 
            95.0, 
            290.0, 
            71.0, 
            151.0, 
            119.0, 
            228.0, 
            103.0, 
            167.0, 
            66.0, 
            211.0, 
            165.0, 
            257.0, 
            232.0, 
            117.0, 
            160.0, 
            94.0, 
            169.0, 
            165.0, 
            71.0, 
            134.0, 
            286.0, 
            232.0, 
            96.0, 
            167.0, 
            154.0, 
            170.0, 
            291.0, 
            100.0, 
            273.0, 
            140.0, 
            166.0, 
            153.0, 
            155.0, 
            152.0, 
            237.0, 
            179.0, 
            147.0, 
            360.0, 
            153.0, 
            149.0, 
            188.0, 
            68.0, 
            324.0, 
            196.0, 
            160.0, 
            276.0, 
            197.0, 
            154.0, 
            165.0, 
            192.0, 
            219.0, 
            316.0, 
            80.0, 
            209.0, 
            222.0, 
            122.0, 
            158.0, 
            158.0, 
            180.0, 
            179.0, 
            121.0, 
            225.0, 
            217.0, 
            62.0, 
            124.0, 
            161.0, 
            251.0, 
            85.0, 
            102.0, 
            345.0, 
            212.0, 
            115.0, 
            182.0, 
            136.0, 
            190.0, 
            232.0, 
            204.0, 
            166.0, 
            307.0, 
            153.0, 
            241.0, 
            126.0, 
            176.0, 
            158.0, 
            179.0, 
            209.0, 
            177.0, 
            159.0, 
            163.0, 
            157.0, 
            123.0, 
            76.0, 
            212.0, 
            145.0, 
            232.0, 
            241.0, 
            166.0, 
            122.0, 
            70.0, 
            204.0, 
            199.0, 
            249.0, 
            128.0, 
            208.0, 
            134.0, 
            274.0, 
            204.0, 
            193.0, 
            243.0, 
            285.0, 
            76.0, 
            255.0, 
            289.0, 
            146.0, 
            296.0, 
            176.0, 
            138.0, 
            465.0, 
            147.0, 
            291.0, 
            222.0, 
            114.0, 
            236.0, 
            180.0, 
            140.0, 
            219.0, 
            174.0, 
            144.0, 
            158.0, 
            179.0, 
            87.0, 
            72.0, 
            198.0, 
            70.0, 
            144.0, 
            291.0, 
            183.0, 
            162.0, 
            149.0, 
            193.0, 
            139.0, 
            97.0, 
            130.0, 
            54.0, 
            147.0, 
            139.0, 
            153.0, 
            192.0, 
            187.0, 
            106.0, 
            442.0, 
            153.0, 
            153.0, 
            152.0, 
            93.0, 
            65.0, 
            275.0, 
            192.0, 
            265.0, 
            88.0, 
            46.0, 
            250.0, 
            171.0, 
            230.0, 
            157.0, 
            171.0, 
            186.0, 
            96.0, 
            93.0, 
            175.0, 
            195.0, 
            117.0, 
            184.0, 
            194.0, 
            137.0, 
            200.0, 
            212.0, 
            231.0, 
            235.0, 
            118.0, 
            191.0, 
            189.0, 
            125.0, 
            68.0, 
            152.0, 
            140.0, 
            260.0, 
            209.0, 
            103.0, 
            223.0, 
            134.0, 
            69.0, 
            123.0, 
            291.0, 
            166.0, 
            134.0, 
            211.0, 
            368.0, 
            84.0, 
            192.0, 
            180.0, 
            94.0, 
            81.0, 
            180.0, 
            102.0, 
            186.0, 
            183.0, 
            119.0, 
            274.0, 
            153.0, 
            172.0, 
            175.0, 
            211.0, 
            96.0, 
            144.0, 
            202.0, 
            93.0, 
            226.0, 
            200.0, 
            219.0, 
            198.0, 
            54.0, 
            186.0, 
            101.0, 
            188.0, 
            142.0, 
            214.0, 
            140.0, 
            214.0, 
            60.0, 
            365.0, 
            180.0, 
            176.0, 
            146.0, 
            390.0, 
            93.0, 
            293.0, 
            212.0, 
            61.0, 
            70.0, 
            141.0, 
            202.0, 
            164.0, 
            203.0, 
            221.0, 
            209.0, 
            154.0, 
            189.0, 
            192.0, 
            128.0, 
            179.0, 
            97.0, 
            66.0, 
            241.0, 
            152.0, 
            75.0, 
            91.0, 
            169.0, 
            117.0, 
            221.0, 
            160.0, 
            169.0, 
            228.0, 
            163.0, 
            97.0, 
            216.0, 
            131.0, 
            254.0, 
            156.0, 
            169.0, 
            202.0, 
            295.0, 
            181.0, 
            87.0, 
            268.0, 
            204.0, 
            263.0, 
            116.0, 
            169.0, 
            92.0, 
            262.0, 
            184.0, 
            178.0, 
            86.0, 
            270.0, 
            253.0, 
            229.0, 
            166.0, 
            163.0, 
            163.0, 
            198.0, 
            200.0, 
            142.0, 
            211.0, 
            177.0, 
            197.0, 
            295.0, 
            188.0, 
            68.0, 
            188.0, 
            139.0, 
            212.0, 
            185.0, 
            178.0, 
            186.0, 
            235.0, 
            302.0, 
            183.0, 
            207.0, 
            146.0, 
            139.0, 
            209.0, 
            202.0, 
            260.0, 
            161.0, 
            141.0, 
            87.0, 
            273.0, 
            447.0, 
            167.0, 
            232.0, 
            70.0, 
            159.0, 
            99.0, 
            146.0, 
            106.0, 
            427.0, 
            348.0, 
            170.0, 
            101.0, 
            158.0, 
            96.0, 
            74.0, 
            238.0, 
            386.0, 
            265.0, 
            157.0, 
            100.0, 
            154.0, 
            180.0, 
            276.0, 
            193.0, 
            93.0, 
            158.0, 
            267.0, 
            174.0, 
            137.0, 
            128.0, 
            245.0, 
            195.0, 
            213.0, 
            62.0, 
            94.0, 
            335.0, 
            66.0, 
            77.0, 
            188.0, 
            93.0, 
            116.0, 
            147.0, 
            200.0, 
            110.0, 
            231.0, 
            62.0, 
            248.0, 
            157.0, 
            131.0, 
            225.0, 
            52.0, 
            294.0, 
            204.0, 
            142.0, 
            66.0, 
            269.0, 
            164.0, 
            117.0, 
            68.0, 
            165.0, 
            207.0, 
            176.0, 
            189.0, 
            178.0, 
            126.0, 
            138.0, 
            180.0, 
            191.0, 
            103.0, 
            164.0, 
            117.0, 
            89.0, 
            209.0, 
            233.0, 
            149.0, 
            198.0, 
            147.0, 
            151.0, 
            143.0, 
            160.0, 
            196.0, 
            155.0, 
            62.0, 
            239.0, 
            100.0, 
            115.0, 
            179.0, 
            212.0, 
            148.0, 
            281.0, 
            336.0, 
            250.0, 
            194.0, 
            153.0, 
            215.0, 
            220.0, 
            209.0, 
            184.0, 
            137.0, 
            174.0, 
            131.0, 
            40.0, 
            151.0, 
            156.0, 
            60.0, 
            161.0, 
            37.0, 
            229.0, 
            96.0, 
            148.0, 
            199.0, 
            175.0, 
            67.0, 
            109.0, 
            199.0, 
            203.0, 
            105.0, 
            182.0, 
            159.0, 
            118.0, 
            249.0, 
            281.0, 
            142.0, 
            194.0, 
            174.0, 
            94.0, 
            219.0, 
            107.0, 
            225.0, 
            188.0, 
            101.0, 
            154.0, 
            255.0, 
            293.0, 
            185.0, 
            225.0, 
            124.0, 
            206.0, 
            145.0, 
            314.0, 
            112.0, 
            123.0, 
            155.0, 
            77.0, 
            192.0, 
            191.0, 
            135.0, 
            141.0, 
            165.0, 
            240.0, 
            184.0, 
            148.0, 
            238.0, 
            189.0, 
            160.0, 
            169.0, 
            133.0, 
            52.0, 
            187.0, 
            201.0, 
            174.0, 
            185.0, 
            317.0, 
            195.0, 
            103.0, 
            102.0, 
            152.0, 
            272.0, 
            124.0, 
            182.0, 
            230.0, 
            206.0, 
            241.0, 
            174.0, 
            271.0, 
            114.0, 
            163.0, 
            73.0, 
            153.0, 
            170.0, 
            243.0, 
            179.0, 
            244.0, 
            104.0, 
            305.0, 
            128.0, 
            86.0, 
            203.0, 
            122.0, 
            171.0, 
            324.0, 
            148.0, 
            245.0, 
            78.0, 
            184.0, 
            217.0, 
            201.0, 
            112.0, 
            145.0, 
            154.0, 
            177.0, 
            266.0, 
            166.0, 
            189.0, 
            77.0, 
            152.0, 
            283.0, 
            109.0, 
            148.0, 
            238.0, 
            128.0, 
            184.0, 
            160.0, 
            215.0, 
            166.0, 
            381.0, 
            69.0, 
            225.0, 
            166.0, 
            165.0, 
            163.0, 
            241.0, 
            151.0, 
            52.0, 
            138.0, 
            120.0, 
            184.0, 
            221.0, 
            162.0, 
            165.0, 
            125.0, 
            158.0, 
            168.0, 
            315.0, 
            159.0, 
            213.0, 
            198.0, 
            161.0, 
            151.0, 
            182.0, 
            103.0, 
            200.0, 
            128.0, 
            243.0, 
            205.0, 
            245.0, 
            186.0, 
            96.0, 
            154.0, 
            286.0, 
            187.0, 
            161.0, 
            197.0, 
            100.0, 
            176.0, 
            202.0, 
            154.0, 
            189.0, 
            205.0, 
            125.0, 
            347.0, 
            199.0, 
            157.0, 
            155.0, 
            147.0, 
            189.0, 
            142.0, 
            171.0, 
            36.0, 
            59.0, 
            179.0, 
            145.0, 
            310.0, 
            214.0, 
            158.0, 
            148.0, 
            180.0, 
            191.0, 
            247.0, 
            46.0, 
            235.0, 
            70.0, 
            160.0, 
            198.0, 
            122.0, 
            100.0, 
            182.0, 
            176.0, 
            153.0, 
            130.0, 
            91.0, 
            161.0, 
            156.0, 
            221.0, 
            219.0, 
            67.0, 
            153.0, 
            215.0, 
            54.0, 
            210.0, 
            223.0, 
            73.0, 
            150.0, 
            220.0, 
            148.0, 
            85.0, 
            133.0, 
            341.0, 
            130.0, 
            100.0, 
            162.0, 
            50.0, 
            288.0, 
            458.0, 
            153.0, 
            197.0, 
            87.0, 
            246.0, 
            180.0, 
            180.0, 
            209.0, 
            184.0, 
            198.0, 
            177.0, 
            148.0, 
            81.0, 
            234.0, 
            278.0, 
            135.0, 
            285.0, 
            145.0, 
            102.0, 
            147.0, 
            98.0, 
            183.0, 
            213.0, 
            258.0, 
            119.0, 
            291.0, 
            149.0, 
            186.0, 
            328.0, 
            201.0, 
            146.0, 
            261.0, 
            174.0, 
            43.0, 
            141.0, 
            200.0, 
            259.0, 
            99.0, 
            252.0, 
            199.0, 
            164.0, 
            121.0, 
            46.0, 
            209.0, 
            205.0, 
            181.0, 
            177.0, 
            180.0, 
            134.0, 
            204.0, 
            164.0, 
            160.0, 
            244.0, 
            275.0, 
            186.0, 
            163.0, 
            141.0, 
            233.0, 
            253.0, 
            177.0, 
            70.0, 
            209.0, 
            160.0, 
            117.0, 
            113.0, 
            76.0, 
            225.0, 
            162.0, 
            238.0, 
            85.0, 
            75.0, 
            35.0, 
            156.0, 
            325.0, 
            159.0, 
            336.0, 
            235.0, 
            148.0, 
            297.0, 
            169.0, 
            223.0, 
            149.0, 
            110.0, 
            278.0, 
            58.0, 
            156.0, 
            132.0, 
            183.0, 
            187.0, 
            100.0, 
            159.0, 
            141.0, 
            97.0, 
            188.0, 
            139.0, 
            76.0, 
            174.0, 
            236.0, 
            149.0, 
            125.0, 
            243.0, 
            331.0, 
            209.0, 
            79.0, 
            215.0, 
            284.0, 
            97.0, 
            124.0, 
            193.0, 
            70.0, 
            304.0, 
            171.0, 
            98.0, 
            81.0, 
            214.0, 
            258.0, 
            108.0, 
            153.0, 
            102.0, 
            187.0, 
            186.0, 
            212.0, 
            182.0, 
            134.0, 
            217.0, 
            289.0, 
            254.0
        ]
    }, 
    "regression_performance": {
        "max_error": 135.45631994050257, 
        "median_error": -11.706221170138377, 
        "error_distribution": [
            {
                "count": 560, 
                "bin_max": -47.932873455995093, 
                "bin_id": 0, 
                "bin_min": -68.513216270490943
            }, 
            {
                "count": 1038, 
                "bin_max": -27.556296411939798, 
                "bin_id": 1, 
                "bin_min": -47.932873455995093
            }, 
            {
                "count": 1096, 
                "bin_max": -7.1797193678845019, 
                "bin_id": 2, 
                "bin_min": -27.556296411939798
            }, 
            {
                "count": 807, 
                "bin_max": 13.196857676170794, 
                "bin_id": 3, 
                "bin_min": -7.1797193678845019
            }, 
            {
                "count": 488, 
                "bin_max": 33.573434720226089, 
                "bin_id": 4, 
                "bin_min": 13.196857676170794
            }, 
            {
                "count": 330, 
                "bin_max": 53.950011764281385, 
                "bin_id": 5, 
                "bin_min": 33.573434720226089
            }, 
            {
                "count": 269, 
                "bin_max": 74.32658880833668, 
                "bin_id": 6, 
                "bin_min": 53.950011764281385
            }, 
            {
                "count": 140, 
                "bin_max": 94.703165852391976, 
                "bin_id": 7, 
                "bin_min": 74.32658880833668
            }, 
            {
                "count": 85, 
                "bin_max": 115.07974289644727, 
                "bin_id": 8, 
                "bin_min": 94.703165852391976
            }, 
            {
                "count": 140, 
                "bin_max": 135.45631994050257, 
                "bin_id": 9, 
                "bin_min": 115.07974289644727
            }
        ], 
        "min_error": -68.30945050005039, 
        "average_error": -1.4351538142104365, 
        "std_error": 45.4868772488947, 
        "p75_error": 21.394530411831113, 
        "p90_error": 64.466158330960269, 
        "p25_error": -34.773762964910873
    }
}