{
    "trainingTime": 997, 
    "state": "DONE", 
    "startTime": 1455564188451, 
    "preprocessingTime": 134, 
    "progress": {
        "top_level_todo": [], 
        "stack": [], 
        "top_level_done": [
            {
                "name": "Loading train set", 
                "time": 33
            }, 
            {
                "name": "Loading test set", 
                "time": 10
            }, 
            {
                "name": "Collecting statistics", 
                "time": 32
            }, 
            {
                "name": "Preprocessing train set", 
                "time": 42
            }, 
            {
                "name": "Preprocessing test set", 
                "time": 14
            }, 
            {
                "name": "Fitting model", 
                "time": 732
            }, 
            {
                "name": "Saving model", 
                "time": 11
            }, 
            {
                "name": "Scoring model", 
                "time": 250
            }
        ]
    }, 
    "endTime": 1455564189582, 
    "modelId": "NA"
}