{
  "type": "Filesystem",
  "params": {
    "connection": "filesystem_root",
    "path": "/Users/robert.dempsey/Dropbox/Private/ADS/Clients/Dataiku/Blog Posts/dss_dirty_data_example.csv"
  },
  "managed": false,
  "formatType": "csv",
  "formatParams": {
    "style": "excel",
    "charset": "utf8",
    "separator": ",",
    "quoteChar": "\"",
    "escapeChar": "\\",
    "dateSerializationFormat": "ISO",
    "arrayMapFormat": "json",
    "hiveSeparators": [
      "\u0002",
      "\u0003",
      "\u0004",
      "\u0005",
      "\u0006",
      "\u0007",
      "\b"
    ],
    "skipRowsBeforeHeader": 0,
    "parseHeaderRow": true,
    "skipRowsAfterHeader": 0,
    "probableNumberOfRecords": 15,
    "compress": ""
  },
  "schema": {
    "userModified": false,
    "columns": [
      {
        "name": "name",
        "type": "string",
        "timestampNoTzAsDate": false,
        "maxLength": -1
      },
      {
        "name": "address",
        "type": "string",
        "timestampNoTzAsDate": false,
        "maxLength": -1
      },
      {
        "name": "city",
        "type": "string",
        "timestampNoTzAsDate": false,
        "maxLength": -1
      },
      {
        "name": "state",
        "type": "string",
        "timestampNoTzAsDate": false,
        "maxLength": -1
      },
      {
        "name": "zip",
        "type": "string",
        "timestampNoTzAsDate": false,
        "maxLength": -1
      },
      {
        "name": "phone",
        "type": "string",
        "timestampNoTzAsDate": false,
        "maxLength": -1
      },
      {
        "name": "email",
        "type": "string",
        "timestampNoTzAsDate": false,
        "maxLength": -1
      },
      {
        "name": "work",
        "type": "string",
        "timestampNoTzAsDate": false,
        "maxLength": -1
      },
      {
        "name": "work address",
        "type": "string",
        "timestampNoTzAsDate": false,
        "maxLength": -1
      },
      {
        "name": "work city",
        "type": "string",
        "timestampNoTzAsDate": false,
        "maxLength": -1
      },
      {
        "name": "work state",
        "type": "string",
        "timestampNoTzAsDate": false,
        "maxLength": -1
      },
      {
        "name": "work zipcode",
        "type": "string",
        "timestampNoTzAsDate": false,
        "maxLength": -1
      },
      {
        "name": "work phone",
        "type": "string",
        "timestampNoTzAsDate": false,
        "maxLength": -1
      },
      {
        "name": "work email",
        "type": "string",
        "timestampNoTzAsDate": false,
        "maxLength": -1
      },
      {
        "name": "account created on",
        "type": "string",
        "timestampNoTzAsDate": false,
        "maxLength": -1
      }
    ]
  },
  "partitioning": {
    "ignoreNonMatchingFile": false,
    "dimensions": []
  },
  "tags": [
    "creator_admin"
  ],
  "checklists": {
    "checklists": []
  },
  "flowOptions": {
    "rebuildBehavior": "NORMAL",
    "crossProjectBuildBehavior": "DEFAULT"
  },
  "versionTag": {
    "versionNumber": 1,
    "lastModifiedBy": {
      "login": "admin",
      "displayName": "Robert Dempsey"
    },
    "lastModifiedOn": 1454873448871
  },
  "customMeta": {
    "kv": {}
  }
}