{
  "type": "shaker",
  "inputs": {
    "main": {
      "items": [
        {
          "ref": "web_history",
          "deps": []
        }
      ]
    }
  },
  "outputs": {
    "main": {
      "items": [
        {
          "ref": "web_history_enriched",
          "appendMode": false
        }
      ]
    }
  },
  "neverRecomputeExistingPartitions": false,
  "optionalDependencies": false,
  "params": {
    "engine": "DSS_STREAM",
    "hadoopConfigKeys": []
  },
  "checklists": {
    "checklists": []
  },
  "tags": [],
  "versionTag": {
    "versionNumber": 2,
    "lastModifiedBy": {
      "login": "admin",
      "displayName": "Robert Dempsey"
    },
    "lastModifiedOn": 1455565537357
  },
  "redispatchPartitioning": false
}