{
    "resolved": {
        "learn_rate": 0.1, 
        "rf_njobs": 1, 
        "n_jobs": 0, 
        "family": "gaussian", 
        "mllib_gbt_min_instance_per_node": 1, 
        "mllib_rf_subset_strategy": "auto", 
        "rf_min_samples_leaf": 15, 
        "mllib_rf_seed": 0, 
        "mllib_rf_min_instance_per_node": 1, 
        "gbt_n_estimators": 0, 
        "mllib_rf_max_bins": 32, 
        "rate": 0.0, 
        "input_dropout_ratio": 0.0, 
        "forcedClassifierThreshold": 0.0, 
        "mllib_gbt_min_info_gain": 0.0, 
        "n_folds": 0, 
        "mllib_gbt_max_depth": 5, 
        "sample_rate": 0.6666, 
        "grid_search": false, 
        "mtries": -1, 
        "adaptive_rate": 1, 
        "mllib_rf_max_depth": 5, 
        "gbt_learning_rate": 0.0, 
        "dtc_max_depth": 0, 
        "rf_max_tree_depth": 22, 
        "mllib_gbt_subsampling_rate": 1.0, 
        "computeLearningCurves": false, 
        "mllib_rf_max_memory_mb": 256, 
        "rf_estimators": 84, 
        "tol": 0.0, 
        "mllib_rf_cache_node_ids": false, 
        "beta_epsilon": 0.0001, 
        "mllib_gbt_max_memory_mb": 256, 
        "coef0": 0.0, 
        "max_depth": 5, 
        "mllib_linreg_max_iter": 10, 
        "C": 0.0, 
        "ntrees": 50, 
        "standardize": 1, 
        "mllib_linreg_enet_param": 1.0, 
        "alpha": 0.0, 
        "epsilon": 1e-06, 
        "mllib_gbt_seed": 0, 
        "max_iter": 0, 
        "min_rows": 10, 
        "gbt_max_depth": 0, 
        "mllib_rf_subsampling_rate": 1.0, 
        "metrics": {
            "customEvaluationMetricNeedsProba": false, 
            "evaluationMetric": "R2", 
            "customEvaluationMetricGIB": true, 
            "liftPoint": 0.4, 
            "costMatrixWeights": {
                "tpGain": 1.0, 
                "fnGain": 0.0, 
                "tnGain": 0.0, 
                "fpGain": -0.3
            }
        }, 
        "mllib_rf_num_trees": 20, 
        "mllib_logit_reg_param": 0.1, 
        "rho": 0.95, 
        "mllib_rf_min_info_gain": 0.0, 
        "dtc_min_samples_leaf": 0, 
        "mllib_gbt_impurity": "gini", 
        "mllib_gbt_max_bins": 32, 
        "nbins": 20, 
        "gamma": 0.0, 
        "mllib_logit_max_iter": 10, 
        "algorithm": "RANDOM_FOREST_REGRESSION", 
        "mllib_gbt_step_size": 0.1, 
        "l1_ratio": 0.0, 
        "autoOptimizeThreshold": true, 
        "tweedie_variance_power": 0.0, 
        "mllib_gbt_checkpoint_interval": 10, 
        "l2": 0.0, 
        "mllib_logit_enet_param": 1.0, 
        "l1": 0.0, 
        "mllib_rf_checkpoint_interval": 10, 
        "mllib_gbt_cache_node_ids": false, 
        "lambda": 1e-05, 
        "mllib_linreg_reg_param": 0.1, 
        "mllib_rf_impurity": "gini", 
        "rate_annealing": 0.0
    }, 
    "other": {
        "rf_min_samples_split": 45
    }
}