{
    "modelInputIsSparse": false, 
    "modelInputNRows": 19846, 
    "modelInputNCols": 211, 
    "modelInputMemory": 33500048, 
    "rawImportance": {
        "variables": [
            "pages_visited", 
            "dummy:campain:False", 
            "dummy:campain:True", 
            "dummy:ip_country:United States", 
            "dummy:ip_country:China", 
            "dummy:ip_country:Japan", 
            "dummy:ip_country:Germany", 
            "dummy:ip_country:United Kingdom", 
            "dummy:ip_country:France", 
            "dummy:ip_country:Canada", 
            "dummy:ip_country:South Korea", 
            "dummy:ip_country:Brazil", 
            "dummy:ip_country:Italy", 
            "dummy:ip_country:Netherlands", 
            "dummy:ip_country:Russia", 
            "dummy:ip_country:Australia", 
            "dummy:ip_country:India", 
            "dummy:ip_country:Spain", 
            "dummy:ip_country:Taiwan", 
            "dummy:ip_country:Mexico", 
            "dummy:ip_country:South Africa", 
            "dummy:ip_country:Sweden", 
            "dummy:ip_country:Switzerland", 
            "dummy:ip_country:Poland", 
            "dummy:ip_country:Argentina", 
            "dummy:ip_country:Norway", 
            "dummy:ip_country:Finland", 
            "dummy:ip_country:Turkey", 
            "dummy:ip_country:Colombia", 
            "dummy:ip_country:Austria", 
            "dummy:ip_country:Indonesia", 
            "dummy:ip_country:Belgium", 
            "dummy:ip_country:Ukraine", 
            "dummy:ip_country:Denmark", 
            "dummy:ip_country:Romania", 
            "dummy:ip_country:Egypt", 
            "dummy:ip_country:Vietnam", 
            "dummy:ip_country:Chile", 
            "dummy:ip_country:Thailand", 
            "dummy:ip_country:Venezuela", 
            "dummy:ip_country:Iran", 
            "dummy:ip_country:Philippines", 
            "dummy:ip_country:Singapore", 
            "dummy:ip_country:Bulgaria", 
            "dummy:ip_country:__Others__", 
            "dummy:customer_id:__Others__"
        ], 
        "importances": [
            0.045723009106031921, 
            0.051333334853792184, 
            0.059791368320429604, 
            0.44623647623221646, 
            0.1436757675260277, 
            0.0035574177716000376, 
            0.0039238622292088561, 
            0.0033097972626177441, 
            0.0014456842050202033, 
            0.0074914602036539471, 
            0.0010053702371118061, 
            0.035231995672309613, 
            0.00063319999583807496, 
            0.0025271882329195761, 
            0.010139621630812109, 
            0.0027968979861992226, 
            0.044825988020229114, 
            0.00040386514378696741, 
            0.0012152083926399763, 
            0.010766441875534664, 
            0.01637822399820979, 
            0.00096986030055524737, 
            0.0023885639937021273, 
            0.00069261326633432159, 
            0.00344240055198868, 
            0.0058654528263758872, 
            0.00020759866745117701, 
            0.005657683338211459, 
            0.010080703169654152, 
            0.00077166171770731652, 
            0.016958056399457584, 
            0.0001256420737625343, 
            0.012767498837247033, 
            0.00024681985525164778, 
            0.002180763852876856, 
            0.011342972620216116, 
            0.013556712999132274, 
            0.0003886908038676496, 
            0.0030190710679041518, 
            0.00018871309955067933, 
            0.00082496452441201357, 
            0.011209149321768771, 
            0.00013379860588919799, 
            0.00020401795803095174, 
            3.6927041842369692e-05, 
            0.0043274842106203245
        ]
    }
}