{
    "metrics": {
        "pearson": 0.66772950115005947, 
        "r2": 0.44576947070151696, 
        "rmse": 50.96185114852651, 
        "mape": 0.23698952783041505, 
        "mae": 37.282969268807697, 
        "mse": 2597.1102724845728, 
        "evs": 0.44586268432150777, 
        "rmsle": 0.2869404069787864
    }, 
    "scatterPlotData": {
        "y": [
            90.9672, 
            180.5968, 
            170.8967, 
            185.2492, 
            234.9294, 
            222.6616, 
            181.3138, 
            103.2328, 
            233.0319, 
            231.1956, 
            238.4625, 
            181.3138, 
            192.0213, 
            138.1598, 
            181.7797, 
            163.9803, 
            103.2328, 
            111.8972, 
            69.2926, 
            137.6651, 
            222.6616, 
            102.3864, 
            208.8933, 
            236.2206, 
            101.0699, 
            238.4625, 
            236.2206, 
            214.537, 
            181.7797, 
            231.1956, 
            238.4625, 
            105.7778, 
            184.7988, 
            238.4625, 
            192.0213, 
            131.646, 
            103.2328, 
            188.2109, 
            126.2517, 
            156.2953, 
            236.2206, 
            183.4387, 
            208.8933, 
            182.457, 
            182.457, 
            182.457, 
            236.2206, 
            85.8337, 
            231.1879, 
            238.4625, 
            192.0544, 
            191.3449, 
            221.9185, 
            180.1788, 
            234.9294, 
            144.9577, 
            188.6442, 
            185.2492, 
            222.6616, 
            212.0659, 
            186.5936, 
            184.2257, 
            62.5639, 
            236.2206, 
            236.2206, 
            93.1881, 
            187.9973, 
            126.1311, 
            162.0027, 
            125.5499, 
            208.8933, 
            155.0243, 
            236.2206, 
            222.6616, 
            180.1788, 
            182.3123, 
            181.3138, 
            148.9333, 
            115.2815, 
            161.4941, 
            193.2852, 
            66.82, 
            134.4204, 
            180.1788, 
            181.3138, 
            88.1293, 
            164.076, 
            236.2206, 
            102.3864, 
            183.2862, 
            217.6597, 
            109.3965, 
            138.4656, 
            143.0326, 
            188.6442, 
            188.2109, 
            181.3138, 
            191.0919, 
            183.4387, 
            231.1956, 
            182.3123, 
            222.6616, 
            233.0319, 
            180.5788, 
            186.019, 
            180.5788, 
            181.3138, 
            181.0605, 
            182.4597, 
            129.4444, 
            133.2899, 
            236.2206, 
            145.3874, 
            165.224, 
            180.1788, 
            90.9672, 
            103.2328, 
            176.1223, 
            175.3044, 
            175.6526, 
            238.4625, 
            101.0699, 
            73.127, 
            197.206, 
            238.4625, 
            158.418, 
            103.3524, 
            192.0544, 
            192.0213, 
            161.4941, 
            180.1788, 
            156.5205, 
            234.9294, 
            192.3804, 
            183.2862, 
            97.1617, 
            180.5788, 
            125.5499, 
            189.4422, 
            238.4625, 
            238.4625, 
            176.4409, 
            234.9294, 
            165.5146, 
            162.5428, 
            182.457, 
            157.9811, 
            165.224, 
            132.2453, 
            100.5586, 
            175.0753, 
            192.0213, 
            181.3138, 
            182.457, 
            181.7797, 
            126.3238, 
            233.0319, 
            191.2266, 
            181.7797, 
            186.019, 
            148.1606, 
            125.5499, 
            175.0753, 
            236.2206, 
            236.2206, 
            181.3138, 
            72.7788, 
            181.7797, 
            137.6651, 
            231.1956, 
            182.4778, 
            138.3137, 
            100.4735, 
            222.6616, 
            191.1499, 
            170.2962, 
            182.457, 
            181.3138, 
            181.7797, 
            231.1956, 
            222.6616, 
            196.0603, 
            160.711, 
            236.2206, 
            236.2206, 
            238.4625, 
            163.9558, 
            125.5499, 
            234.9294, 
            89.7832, 
            197.206, 
            95.8616, 
            110.1671, 
            174.6967, 
            238.4625, 
            182.457, 
            124.8278, 
            236.2206, 
            182.3985, 
            189.8595, 
            173.7564, 
            188.0979, 
            89.7832, 
            182.3123, 
            231.1956, 
            139.3521, 
            115.2815, 
            233.0319, 
            234.9294, 
            180.1788, 
            148.9333, 
            165.0452, 
            236.2206, 
            236.2206, 
            105.7778, 
            181.7797, 
            191.506, 
            231.1956, 
            180.5788, 
            192.0544, 
            181.7797, 
            126.1311, 
            190.8886, 
            234.9294, 
            180.1788, 
            173.48, 
            168.4482, 
            238.4625, 
            101.0699, 
            122.033, 
            188.167, 
            182.457, 
            199.5741, 
            180.1788, 
            181.3138, 
            191.2266, 
            166.8727, 
            236.2206, 
            181.3138, 
            236.2206, 
            183.7967, 
            125.0383, 
            112.4386, 
            182.457, 
            173.48, 
            125.5499, 
            182.4843, 
            175.6342, 
            177.6512, 
            172.8062, 
            185.2492, 
            193.2852, 
            236.2206, 
            146.2119, 
            188.2128, 
            231.1956, 
            233.0319, 
            231.1956, 
            130.9496, 
            194.7309, 
            191.2266, 
            103.1473, 
            186.019, 
            188.6442, 
            222.6616, 
            222.6616, 
            150.8757, 
            143.0326, 
            183.4798, 
            89.7832, 
            191.2266, 
            194.0026, 
            191.3449, 
            236.2206, 
            139.1677, 
            158.9415, 
            126.1311, 
            110.1671, 
            182.3985, 
            238.4625, 
            231.1956, 
            182.457, 
            161.4941, 
            191.3449, 
            181.3138, 
            105.7778, 
            145.8577, 
            90.4732, 
            182.3251, 
            182.3985, 
            192.0213, 
            103.3524, 
            238.4625, 
            214.537, 
            238.4625, 
            151.4504, 
            183.4387, 
            166.8727, 
            180.5788, 
            238.4625, 
            233.0319, 
            222.6616, 
            88.1293, 
            165.8444, 
            180.5788, 
            176.3672, 
            236.2206, 
            129.4444, 
            103.2328, 
            222.6616, 
            103.2328, 
            238.4625, 
            184.4828, 
            153.3227, 
            139.461, 
            185.2492, 
            231.1956, 
            74.6262, 
            186.019, 
            144.9577, 
            233.0319, 
            176.1223, 
            192.0544, 
            238.4625, 
            192.0544, 
            222.6616, 
            238.4625, 
            149.6261, 
            129.1142, 
            236.2206, 
            182.4778, 
            102.3864, 
            148.1359, 
            176.899, 
            182.3985, 
            222.6616, 
            182.4778, 
            69.3542, 
            173.48, 
            190.8886, 
            158.9415, 
            182.4778, 
            236.2206, 
            197.206, 
            188.5022, 
            221.4314, 
            170.2962, 
            238.4625, 
            164.4055, 
            236.2206, 
            236.2206, 
            181.7797, 
            214.537, 
            182.2954, 
            107.8179, 
            234.9294, 
            208.3077, 
            182.3251, 
            234.9294, 
            88.1293, 
            236.2206, 
            172.8062, 
            175.6342, 
            127.7843, 
            116.3744, 
            238.4625, 
            182.3985, 
            238.4625, 
            188.6442, 
            179.6184, 
            238.4625, 
            180.5788, 
            238.4625, 
            181.3138, 
            96.2159, 
            172.4111, 
            208.8933, 
            231.1956, 
            236.2206, 
            238.4625, 
            236.2206, 
            168.4482, 
            189.4806, 
            105.7778, 
            88.1293, 
            182.4171, 
            165.224, 
            188.5022, 
            182.3114, 
            109.3965, 
            126.0413, 
            101.0699, 
            233.0319, 
            189.8595, 
            221.4314, 
            182.786, 
            183.3485, 
            129.1142, 
            208.8933, 
            222.6616, 
            174.6967, 
            162.555, 
            176.2487, 
            95.8616, 
            179.7435, 
            169.6876, 
            238.4625, 
            156.891, 
            139.1627, 
            101.0699, 
            221.4314, 
            181.7797, 
            189.8595, 
            173.48, 
            120.5059, 
            238.4625, 
            128.8251, 
            181.3138, 
            181.7797, 
            236.2206, 
            186.0881, 
            231.1956, 
            181.7797, 
            222.6616, 
            236.2206, 
            231.1956, 
            105.7778, 
            103.3524, 
            105.2187, 
            124.8702, 
            231.1956, 
            161.4384, 
            175.1243, 
            109.8027, 
            141.0772, 
            157.5257, 
            180.5788, 
            233.0319, 
            193.4239, 
            163.9558, 
            238.4625, 
            222.6616, 
            208.8933, 
            181.7797, 
            208.3077, 
            188.2109, 
            231.1956, 
            154.6175, 
            236.2206, 
            101.145, 
            182.4171, 
            162.3765, 
            236.2206, 
            181.7797, 
            188.167, 
            212.0659, 
            118.741, 
            222.6616, 
            174.3067, 
            186.019, 
            103.2328, 
            103.2328, 
            190.8886, 
            233.0319, 
            102.3864, 
            231.1956, 
            182.457, 
            90.4732, 
            231.1956, 
            181.3138, 
            110.0321, 
            236.2206, 
            231.1956, 
            177.8581, 
            222.6616, 
            231.1956, 
            208.8933, 
            182.3123, 
            101.0699, 
            175.6342, 
            208.8933, 
            176.0874, 
            176.3388, 
            101.145, 
            183.4387, 
            182.457, 
            95.8616, 
            141.0772, 
            181.3138, 
            191.3449, 
            236.2206, 
            181.3138, 
            236.2206, 
            189.4806, 
            165.6653, 
            238.4625, 
            178.9398, 
            69.3147, 
            212.0835, 
            181.7797, 
            160.5729, 
            236.2206, 
            138.721, 
            231.1956, 
            188.5022, 
            221.9185, 
            193.2852, 
            181.7797, 
            90.9672, 
            99.0354, 
            100.4735, 
            128.8251, 
            142.3919, 
            222.6616, 
            231.1956, 
            191.2266, 
            101.145, 
            157.3982, 
            185.2492, 
            126.1311, 
            101.0699, 
            150.1965, 
            138.9513, 
            236.2206, 
            140.1086, 
            188.5022, 
            221.4314, 
            183.4798, 
            186.019, 
            222.6616, 
            188.0979, 
            238.4625, 
            145.726, 
            129.1142, 
            170.8967, 
            233.0319, 
            163.9558, 
            182.3985, 
            233.0319, 
            208.8933, 
            181.7797, 
            233.0319, 
            212.0835, 
            231.1956, 
            103.3524, 
            165.6653, 
            138.606, 
            175.0753, 
            234.9294, 
            169.6876, 
            236.2206, 
            238.4625, 
            238.4625, 
            231.1956, 
            101.145, 
            231.1956, 
            234.9294, 
            208.8933, 
            170.0862, 
            186.019, 
            119.5067, 
            193.4239, 
            238.4625, 
            238.4625, 
            69.3542, 
            214.537, 
            107.741, 
            171.9896, 
            190.8886, 
            181.7797, 
            238.4625, 
            186.9098, 
            129.4444, 
            138.8707, 
            75.8626, 
            158.9415, 
            182.4591, 
            185.0114, 
            236.2206, 
            196.0603, 
            183.835, 
            238.4625, 
            236.2206, 
            161.5208, 
            231.1956, 
            181.0605, 
            214.537, 
            173.9054, 
            233.0319, 
            181.7797, 
            182.4843, 
            202.3316, 
            182.3977, 
            185.2492, 
            161.4619, 
            165.8445, 
            182.457, 
            189.8595, 
            208.8933, 
            238.4625, 
            182.786, 
            188.6442, 
            103.2328, 
            105.7778, 
            187.8405, 
            183.4798, 
            181.3138, 
            173.9054, 
            186.9098, 
            186.5845, 
            189.8595, 
            233.0319, 
            85.8337, 
            186.019, 
            181.3138, 
            110.1671, 
            186.0881, 
            233.0319, 
            191.1499, 
            74.6262, 
            143.007, 
            186.019, 
            231.1956, 
            238.4625, 
            111.8972, 
            183.4387, 
            143.0326, 
            238.4625, 
            238.4625, 
            159.5892, 
            234.9294, 
            168.6307, 
            89.7832, 
            175.6342, 
            178.1046, 
            192.3804, 
            165.8445, 
            103.3524, 
            183.4387, 
            172.8062, 
            105.7778, 
            188.8379, 
            182.4591, 
            236.2206, 
            188.4651, 
            184.5124, 
            118.741, 
            182.457, 
            163.0235, 
            236.2206, 
            79.8903, 
            234.9294, 
            126.1311, 
            95.8616, 
            231.1956, 
            222.6616, 
            238.4625, 
            181.3138, 
            103.2328, 
            184.2257, 
            188.5022, 
            100.4735, 
            188.8379, 
            233.0319, 
            90.9672, 
            100.5586, 
            193.2852, 
            181.3138, 
            231.1956, 
            103.2328, 
            103.3524, 
            233.0319, 
            238.4625, 
            126.1311, 
            222.6616, 
            175.6342, 
            176.1223, 
            117.7473, 
            185.2492, 
            236.2206, 
            184.2257, 
            171.978, 
            174.6967, 
            234.9294, 
            185.2492, 
            238.4625, 
            233.0319, 
            109.3965, 
            175.3044, 
            134.3113, 
            193.4239, 
            170.6289, 
            139.7475, 
            138.1598, 
            168.4482, 
            72.7788, 
            231.1956, 
            186.019, 
            180.1788, 
            181.7797, 
            182.457, 
            238.4625, 
            238.4625, 
            234.9294, 
            175.0753, 
            181.7797, 
            109.3965, 
            173.7564, 
            181.7797, 
            186.019, 
            182.457, 
            236.2206, 
            238.4625, 
            107.8179, 
            157.3982, 
            182.5547, 
            170.2962, 
            233.0319, 
            167.8968, 
            217.0231, 
            191.2266, 
            233.0319, 
            109.3965, 
            194.253, 
            159.5723, 
            231.1956, 
            75.8626, 
            188.7494, 
            236.2206, 
            165.0452, 
            236.2206, 
            177.0733, 
            181.3138, 
            236.2206, 
            182.3114, 
            238.4625, 
            180.6748, 
            222.6616, 
            162.2289, 
            103.2328, 
            234.9294, 
            165.8445, 
            238.4625, 
            182.5547, 
            183.4387, 
            186.0881, 
            212.0835, 
            183.4387, 
            126.1311, 
            222.6616, 
            183.835, 
            181.7797, 
            236.2206, 
            197.206, 
            193.2852, 
            238.4625, 
            116.1259, 
            193.2852, 
            126.1311, 
            233.0319, 
            208.3077, 
            234.9294, 
            105.7778, 
            222.6616, 
            109.6708, 
            157.3982, 
            221.9185, 
            188.6529, 
            191.1499, 
            238.4625, 
            181.3138, 
            149.389, 
            238.4625, 
            126.3238, 
            222.6616, 
            176.4587, 
            221.9185, 
            221.4314, 
            131.646, 
            99.4971, 
            186.019, 
            183.4387, 
            231.1956, 
            208.3077, 
            182.3985, 
            193.4239, 
            181.7797, 
            221.9185, 
            181.3138, 
            236.2206, 
            190.8886, 
            208.8933, 
            101.145, 
            183.289, 
            164.4055, 
            165.8445, 
            190.5104, 
            175.6526, 
            182.457, 
            208.8933, 
            180.5788, 
            188.1427, 
            138.4656, 
            125.5499, 
            233.0319, 
            222.6616, 
            181.7797, 
            197.206, 
            238.4625, 
            217.0231, 
            181.3138, 
            182.4778, 
            238.4625, 
            238.4625, 
            99.4352, 
            238.4625, 
            125.5499, 
            231.1956, 
            188.2109, 
            94.4356, 
            180.5788, 
            185.2492, 
            190.8886, 
            182.457, 
            171.978, 
            179.4722, 
            236.2206, 
            88.1293, 
            186.019, 
            89.7832, 
            91.0013, 
            191.2266, 
            182.457, 
            182.457, 
            183.289, 
            188.5022, 
            233.0319, 
            193.2852, 
            231.1956, 
            172.8062, 
            181.7797, 
            189.6312, 
            236.2206, 
            190.8886, 
            173.7152, 
            88.1293, 
            174.6967, 
            173.9054, 
            182.3791, 
            74.6262, 
            124.4649, 
            182.3985, 
            190.8886, 
            181.7797, 
            100.4735, 
            180.5788, 
            232.3967, 
            183.1727, 
            181.7797, 
            236.2206, 
            124.8702, 
            182.457, 
            186.5845, 
            175.3044, 
            238.4625, 
            180.5788, 
            217.0231, 
            188.7494, 
            182.2954, 
            74.6262, 
            95.8616, 
            208.8933, 
            163.9558, 
            182.457, 
            193.2852, 
            176.9621, 
            231.1956, 
            188.5022, 
            136.285, 
            124.7336, 
            238.4625, 
            182.6042, 
            125.5499, 
            115.0127, 
            208.8933, 
            231.1956, 
            222.6616, 
            193.4239, 
            183.4387, 
            161.9069, 
            66.82, 
            126.0413, 
            233.0319, 
            192.0213, 
            181.7797, 
            165.5146, 
            129.1142, 
            90.9672, 
            181.7797, 
            222.6616, 
            94.4356, 
            161.5208, 
            174.6967, 
            184.5124, 
            183.4798, 
            217.6507, 
            101.0699, 
            238.4625, 
            153.6142, 
            105.2187, 
            182.3548, 
            190.145, 
            222.6616, 
            233.0319, 
            175.6526, 
            182.3251, 
            181.7797, 
            157.3982, 
            188.167, 
            165.8445, 
            208.8933, 
            143.007, 
            222.6616, 
            231.1956, 
            231.1956, 
            234.9294, 
            234.9294, 
            231.1956, 
            197.206, 
            168.4482, 
            118.2936, 
            236.2206, 
            222.6616, 
            236.2206, 
            222.6616, 
            183.4798, 
            178.1913, 
            234.9294, 
            238.4625, 
            182.4597, 
            181.0875, 
            222.6616, 
            181.7797, 
            238.4625, 
            100.4735, 
            186.019, 
            222.6616, 
            208.8933, 
            208.8933, 
            180.1788, 
            231.1956, 
            192.0213, 
            103.3524, 
            73.873, 
            196.0603, 
            188.6442, 
            138.9513, 
            183.289, 
            176.5415, 
            101.0699, 
            193.2852, 
            180.1788, 
            182.4597, 
            181.3138, 
            190.8886, 
            182.3123, 
            120.0224, 
            126.2517, 
            183.289, 
            103.2328, 
            72.153, 
            231.1956, 
            181.3138, 
            182.3123, 
            233.0319, 
            182.3123, 
            165.8444, 
            162.3765, 
            234.9294, 
            181.3138, 
            163.9394, 
            217.0231, 
            196.0603, 
            173.48, 
            183.289, 
            208.8933, 
            222.6616, 
            185.2492, 
            166.8727, 
            75.6459, 
            231.1956, 
            160.9418, 
            107.741, 
            231.1956, 
            236.2206, 
            233.0319, 
            234.9294, 
            187.8405, 
            180.9162, 
            136.4173
        ], 
        "x": [
            96.0, 
            223.0, 
            158.0, 
            173.0, 
            246.0, 
            193.0, 
            152.0, 
            286.0, 
            251.0, 
            211.0, 
            163.0, 
            222.0, 
            161.0, 
            117.0, 
            213.0, 
            132.0, 
            72.0, 
            153.0, 
            67.0, 
            124.0, 
            222.0, 
            68.0, 
            410.0, 
            224.0, 
            65.0, 
            250.0, 
            210.0, 
            217.0, 
            98.0, 
            181.0, 
            284.0, 
            102.0, 
            258.0, 
            162.0, 
            211.0, 
            115.0, 
            91.0, 
            209.0, 
            54.0, 
            251.0, 
            250.0, 
            208.0, 
            195.0, 
            148.0, 
            202.0, 
            214.0, 
            202.0, 
            54.0, 
            314.0, 
            189.0, 
            147.0, 
            156.0, 
            209.0, 
            174.0, 
            232.0, 
            137.0, 
            189.0, 
            220.0, 
            158.0, 
            209.0, 
            226.0, 
            238.0, 
            128.0, 
            252.0, 
            191.0, 
            92.0, 
            162.0, 
            143.0, 
            152.0, 
            130.0, 
            238.0, 
            88.0, 
            246.0, 
            186.0, 
            188.0, 
            169.0, 
            162.0, 
            109.0, 
            120.0, 
            176.0, 
            191.0, 
            51.0, 
            179.0, 
            164.0, 
            189.0, 
            70.0, 
            149.0, 
            263.0, 
            164.0, 
            170.0, 
            187.0, 
            117.0, 
            117.0, 
            237.0, 
            204.0, 
            163.0, 
            186.0, 
            77.0, 
            202.0, 
            193.0, 
            235.0, 
            331.0, 
            314.0, 
            157.0, 
            194.0, 
            174.0, 
            266.0, 
            260.0, 
            212.0, 
            117.0, 
            203.0, 
            246.0, 
            48.0, 
            159.0, 
            158.0, 
            93.0, 
            96.0, 
            241.0, 
            226.0, 
            126.0, 
            284.0, 
            97.0, 
            47.0, 
            229.0, 
            211.0, 
            121.0, 
            95.0, 
            133.0, 
            161.0, 
            144.0, 
            224.0, 
            223.0, 
            261.0, 
            179.0, 
            147.0, 
            157.0, 
            145.0, 
            88.0, 
            166.0, 
            270.0, 
            236.0, 
            178.0, 
            465.0, 
            163.0, 
            251.0, 
            198.0, 
            172.0, 
            122.0, 
            152.0, 
            80.0, 
            181.0, 
            174.0, 
            172.0, 
            184.0, 
            132.0, 
            93.0, 
            283.0, 
            184.0, 
            212.0, 
            176.0, 
            88.0, 
            93.0, 
            163.0, 
            196.0, 
            268.0, 
            163.0, 
            46.0, 
            249.0, 
            109.0, 
            249.0, 
            256.0, 
            188.0, 
            96.0, 
            165.0, 
            227.0, 
            142.0, 
            166.0, 
            174.0, 
            141.0, 
            247.0, 
            223.0, 
            152.0, 
            130.0, 
            241.0, 
            196.0, 
            213.0, 
            176.0, 
            78.0, 
            240.0, 
            77.0, 
            158.0, 
            82.0, 
            88.0, 
            221.0, 
            257.0, 
            131.0, 
            90.0, 
            331.0, 
            126.0, 
            212.0, 
            163.0, 
            284.0, 
            105.0, 
            199.0, 
            187.0, 
            239.0, 
            110.0, 
            193.0, 
            254.0, 
            156.0, 
            139.0, 
            103.0, 
            338.0, 
            150.0, 
            68.0, 
            184.0, 
            237.0, 
            166.0, 
            173.0, 
            140.0, 
            118.0, 
            175.0, 
            160.0, 
            279.0, 
            162.0, 
            174.0, 
            171.0, 
            188.0, 
            72.0, 
            115.0, 
            172.0, 
            226.0, 
            156.0, 
            130.0, 
            192.0, 
            162.0, 
            153.0, 
            204.0, 
            151.0, 
            176.0, 
            171.0, 
            96.0, 
            184.0, 
            143.0, 
            166.0, 
            40.0, 
            243.0, 
            160.0, 
            214.0, 
            140.0, 
            148.0, 
            158.0, 
            203.0, 
            154.0, 
            210.0, 
            257.0, 
            288.0, 
            207.0, 
            198.0, 
            199.0, 
            280.0, 
            83.0, 
            172.0, 
            135.0, 
            231.0, 
            204.0, 
            107.0, 
            181.0, 
            232.0, 
            92.0, 
            174.0, 
            305.0, 
            155.0, 
            195.0, 
            119.0, 
            158.0, 
            140.0, 
            87.0, 
            353.0, 
            178.0, 
            183.0, 
            178.0, 
            138.0, 
            194.0, 
            214.0, 
            77.0, 
            157.0, 
            82.0, 
            217.0, 
            154.0, 
            175.0, 
            77.0, 
            305.0, 
            192.0, 
            171.0, 
            155.0, 
            226.0, 
            148.0, 
            162.0, 
            236.0, 
            283.0, 
            210.0, 
            92.0, 
            149.0, 
            198.0, 
            148.0, 
            220.0, 
            83.0, 
            97.0, 
            262.0, 
            110.0, 
            280.0, 
            199.0, 
            129.0, 
            170.0, 
            222.0, 
            263.0, 
            56.0, 
            142.0, 
            117.0, 
            271.0, 
            160.0, 
            236.0, 
            227.0, 
            307.0, 
            263.0, 
            252.0, 
            180.0, 
            117.0, 
            218.0, 
            184.0, 
            67.0, 
            123.0, 
            200.0, 
            158.0, 
            235.0, 
            174.0, 
            47.0, 
            144.0, 
            220.0, 
            147.0, 
            220.0, 
            182.0, 
            226.0, 
            125.0, 
            276.0, 
            165.0, 
            217.0, 
            219.0, 
            187.0, 
            200.0, 
            185.0, 
            162.0, 
            151.0, 
            93.0, 
            424.0, 
            174.0, 
            311.0, 
            216.0, 
            94.0, 
            420.0, 
            155.0, 
            133.0, 
            124.0, 
            84.0, 
            305.0, 
            150.0, 
            178.0, 
            294.0, 
            242.0, 
            154.0, 
            173.0, 
            272.0, 
            232.0, 
            100.0, 
            181.0, 
            247.0, 
            182.0, 
            380.0, 
            236.0, 
            207.0, 
            131.0, 
            177.0, 
            59.0, 
            90.0, 
            130.0, 
            162.0, 
            245.0, 
            153.0, 
            209.0, 
            113.0, 
            109.0, 
            285.0, 
            168.0, 
            212.0, 
            152.0, 
            155.0, 
            95.0, 
            214.0, 
            236.0, 
            109.0, 
            267.0, 
            208.0, 
            123.0, 
            153.0, 
            214.0, 
            152.0, 
            145.0, 
            138.0, 
            85.0, 
            212.0, 
            148.0, 
            191.0, 
            140.0, 
            126.0, 
            287.0, 
            213.0, 
            154.0, 
            183.0, 
            241.0, 
            106.0, 
            223.0, 
            208.0, 
            257.0, 
            271.0, 
            291.0, 
            88.0, 
            174.0, 
            83.0, 
            121.0, 
            176.0, 
            178.0, 
            160.0, 
            116.0, 
            119.0, 
            192.0, 
            217.0, 
            195.0, 
            181.0, 
            114.0, 
            223.0, 
            182.0, 
            177.0, 
            53.0, 
            134.0, 
            162.0, 
            224.0, 
            135.0, 
            211.0, 
            140.0, 
            207.0, 
            129.0, 
            148.0, 
            169.0, 
            173.0, 
            250.0, 
            77.0, 
            265.0, 
            251.0, 
            159.0, 
            100.0, 
            112.0, 
            218.0, 
            343.0, 
            58.0, 
            219.0, 
            148.0, 
            75.0, 
            472.0, 
            179.0, 
            164.0, 
            200.0, 
            234.0, 
            241.0, 
            160.0, 
            342.0, 
            266.0, 
            237.0, 
            166.0, 
            202.0, 
            188.0, 
            206.0, 
            386.0, 
            212.0, 
            212.0, 
            166.0, 
            82.0, 
            119.0, 
            133.0, 
            163.0, 
            204.0, 
            131.0, 
            142.0, 
            262.0, 
            132.0, 
            151.0, 
            165.0, 
            44.0, 
            331.0, 
            152.0, 
            155.0, 
            243.0, 
            193.0, 
            182.0, 
            280.0, 
            311.0, 
            148.0, 
            141.0, 
            59.0, 
            102.0, 
            93.0, 
            76.0, 
            126.0, 
            290.0, 
            430.0, 
            210.0, 
            185.0, 
            159.0, 
            161.0, 
            82.0, 
            112.0, 
            151.0, 
            173.0, 
            244.0, 
            140.0, 
            253.0, 
            382.0, 
            182.0, 
            291.0, 
            201.0, 
            150.0, 
            173.0, 
            106.0, 
            151.0, 
            149.0, 
            156.0, 
            188.0, 
            200.0, 
            396.0, 
            140.0, 
            130.0, 
            162.0, 
            188.0, 
            171.0, 
            86.0, 
            145.0, 
            172.0, 
            160.0, 
            180.0, 
            147.0, 
            194.0, 
            167.0, 
            452.0, 
            211.0, 
            143.0, 
            331.0, 
            323.0, 
            200.0, 
            162.0, 
            266.0, 
            87.0, 
            221.0, 
            253.0, 
            214.0, 
            39.0, 
            198.0, 
            92.0, 
            135.0, 
            256.0, 
            147.0, 
            173.0, 
            192.0, 
            102.0, 
            197.0, 
            34.0, 
            130.0, 
            163.0, 
            171.0, 
            268.0, 
            276.0, 
            136.0, 
            167.0, 
            348.0, 
            157.0, 
            176.0, 
            150.0, 
            181.0, 
            118.0, 
            229.0, 
            133.0, 
            263.0, 
            151.0, 
            123.0, 
            214.0, 
            243.0, 
            203.0, 
            215.0, 
            158.0, 
            262.0, 
            186.0, 
            169.0, 
            139.0, 
            97.0, 
            71.0, 
            188.0, 
            139.0, 
            178.0, 
            156.0, 
            132.0, 
            160.0, 
            176.0, 
            182.0, 
            61.0, 
            144.0, 
            190.0, 
            86.0, 
            170.0, 
            263.0, 
            125.0, 
            69.0, 
            220.0, 
            167.0, 
            278.0, 
            176.0, 
            81.0, 
            166.0, 
            149.0, 
            202.0, 
            151.0, 
            175.0, 
            327.0, 
            196.0, 
            90.0, 
            82.0, 
            176.0, 
            184.0, 
            144.0, 
            72.0, 
            168.0, 
            231.0, 
            110.0, 
            205.0, 
            162.0, 
            159.0, 
            153.0, 
            199.0, 
            106.0, 
            151.0, 
            216.0, 
            244.0, 
            74.0, 
            216.0, 
            77.0, 
            165.0, 
            224.0, 
            153.0, 
            297.0, 
            171.0, 
            98.0, 
            158.0, 
            142.0, 
            89.0, 
            181.0, 
            304.0, 
            93.0, 
            74.0, 
            150.0, 
            115.0, 
            191.0, 
            99.0, 
            94.0, 
            255.0, 
            153.0, 
            110.0, 
            147.0, 
            219.0, 
            145.0, 
            93.0, 
            169.0, 
            219.0, 
            184.0, 
            161.0, 
            132.0, 
            179.0, 
            158.0, 
            274.0, 
            174.0, 
            189.0, 
            238.0, 
            111.0, 
            175.0, 
            155.0, 
            135.0, 
            100.0, 
            183.0, 
            62.0, 
            216.0, 
            303.0, 
            253.0, 
            41.0, 
            131.0, 
            221.0, 
            189.0, 
            290.0, 
            154.0, 
            131.0, 
            87.0, 
            170.0, 
            93.0, 
            142.0, 
            142.0, 
            271.0, 
            174.0, 
            61.0, 
            130.0, 
            186.0, 
            155.0, 
            234.0, 
            123.0, 
            193.0, 
            173.0, 
            197.0, 
            119.0, 
            192.0, 
            102.0, 
            252.0, 
            35.0, 
            130.0, 
            196.0, 
            159.0, 
            332.0, 
            134.0, 
            134.0, 
            220.0, 
            174.0, 
            248.0, 
            148.0, 
            148.0, 
            147.0, 
            148.0, 
            315.0, 
            123.0, 
            177.0, 
            137.0, 
            139.0, 
            174.0, 
            181.0, 
            153.0, 
            152.0, 
            212.0, 
            160.0, 
            116.0, 
            154.0, 
            206.0, 
            267.0, 
            208.0, 
            109.0, 
            185.0, 
            103.0, 
            166.0, 
            164.0, 
            275.0, 
            68.0, 
            168.0, 
            184.0, 
            136.0, 
            223.0, 
            166.0, 
            139.0, 
            235.0, 
            169.0, 
            111.0, 
            243.0, 
            81.0, 
            215.0, 
            198.0, 
            202.0, 
            185.0, 
            127.0, 
            130.0, 
            192.0, 
            310.0, 
            193.0, 
            292.0, 
            160.0, 
            247.0, 
            99.0, 
            185.0, 
            192.0, 
            316.0, 
            197.0, 
            180.0, 
            68.0, 
            303.0, 
            138.0, 
            124.0, 
            168.0, 
            191.0, 
            171.0, 
            178.0, 
            136.0, 
            154.0, 
            194.0, 
            52.0, 
            226.0, 
            226.0, 
            201.0, 
            137.0, 
            206.0, 
            310.0, 
            179.0, 
            125.0, 
            202.0, 
            164.0, 
            92.0, 
            239.0, 
            78.0, 
            231.0, 
            173.0, 
            86.0, 
            159.0, 
            205.0, 
            124.0, 
            149.0, 
            286.0, 
            170.0, 
            178.0, 
            168.0, 
            151.0, 
            62.0, 
            109.0, 
            146.0, 
            209.0, 
            184.0, 
            164.0, 
            223.0, 
            190.0, 
            204.0, 
            159.0, 
            341.0, 
            181.0, 
            347.0, 
            184.0, 
            166.0, 
            156.0, 
            67.0, 
            124.0, 
            160.0, 
            198.0, 
            139.0, 
            146.0, 
            301.0, 
            251.0, 
            69.0, 
            112.0, 
            193.0, 
            197.0, 
            347.0, 
            227.0, 
            242.0, 
            158.0, 
            149.0, 
            143.0, 
            307.0, 
            272.0, 
            167.0, 
            185.0, 
            212.0, 
            146.0, 
            36.0, 
            73.0, 
            72.0, 
            176.0, 
            159.0, 
            238.0, 
            152.0, 
            218.0, 
            147.0, 
            140.0, 
            132.0, 
            325.0, 
            182.0, 
            123.0, 
            102.0, 
            167.0, 
            215.0, 
            233.0, 
            147.0, 
            131.0, 
            219.0, 
            42.0, 
            239.0, 
            320.0, 
            180.0, 
            62.0, 
            189.0, 
            186.0, 
            62.0, 
            97.0, 
            290.0, 
            68.0, 
            152.0, 
            143.0, 
            224.0, 
            192.0, 
            183.0, 
            92.0, 
            172.0, 
            156.0, 
            99.0, 
            194.0, 
            278.0, 
            295.0, 
            190.0, 
            191.0, 
            167.0, 
            173.0, 
            125.0, 
            198.0, 
            157.0, 
            147.0, 
            137.0, 
            179.0, 
            269.0, 
            215.0, 
            290.0, 
            327.0, 
            211.0, 
            243.0, 
            164.0, 
            92.0, 
            268.0, 
            225.0, 
            171.0, 
            232.0, 
            127.0, 
            178.0, 
            165.0, 
            192.0, 
            128.0, 
            212.0, 
            242.0, 
            196.0, 
            201.0, 
            180.0, 
            126.0, 
            212.0, 
            230.0, 
            214.0, 
            176.0, 
            233.0, 
            251.0, 
            79.0, 
            67.0, 
            222.0, 
            301.0, 
            105.0, 
            230.0, 
            110.0, 
            72.0, 
            247.0, 
            194.0, 
            165.0, 
            152.0, 
            295.0, 
            208.0, 
            117.0, 
            57.0, 
            184.0, 
            73.0, 
            39.0, 
            185.0, 
            153.0, 
            178.0, 
            163.0, 
            318.0, 
            157.0, 
            175.0, 
            180.0, 
            297.0, 
            114.0, 
            246.0, 
            145.0, 
            168.0, 
            162.0, 
            243.0, 
            206.0, 
            185.0, 
            133.0, 
            69.0, 
            142.0, 
            144.0, 
            187.0, 
            241.0, 
            249.0, 
            229.0, 
            181.0, 
            160.0, 
            273.0, 
            155.0
        ]
    }, 
    "regression_performance": {
        "max_error": 136.12501428971842, 
        "median_error": -9.130252271670741, 
        "error_distribution": [
            {
                "count": 364, 
                "bin_max": -58.858496584728591, 
                "bin_id": 0, 
                "bin_min": -80.739979471749862
            }, 
            {
                "count": 628, 
                "bin_max": -37.193662043123368, 
                "bin_id": 1, 
                "bin_min": -58.858496584728591
            }, 
            {
                "count": 1170, 
                "bin_max": -15.528827501518137, 
                "bin_id": 2, 
                "bin_min": -37.193662043123368
            }, 
            {
                "count": 1060, 
                "bin_max": 6.1360070400870796, 
                "bin_id": 3, 
                "bin_min": -15.528827501518137
            }, 
            {
                "count": 636, 
                "bin_max": 27.800841581692296, 
                "bin_id": 4, 
                "bin_min": 6.1360070400870796
            }, 
            {
                "count": 396, 
                "bin_max": 49.465676123297541, 
                "bin_id": 5, 
                "bin_min": 27.800841581692296
            }, 
            {
                "count": 284, 
                "bin_max": 71.130510664902758, 
                "bin_id": 6, 
                "bin_min": 49.465676123297541
            }, 
            {
                "count": 179, 
                "bin_max": 92.795345206507974, 
                "bin_id": 7, 
                "bin_min": 71.130510664902758
            }, 
            {
                "count": 91, 
                "bin_max": 114.46017974811319, 
                "bin_id": 8, 
                "bin_min": 92.795345206507974
            }, 
            {
                "count": 145, 
                "bin_max": 136.12501428971842, 
                "bin_id": 9, 
                "bin_min": 114.46017974811319
            }
        ], 
        "min_error": -80.52333112633382, 
        "average_error": -1.2405461595520024, 
        "std_error": 46.23030160671515, 
        "p75_error": 21.106729090042791, 
        "p90_error": 64.755941702554779, 
        "p25_error": -32.720403200519883
    }
}