{
  "algorithm": "RANDOM_FOREST_REGRESSION",
  "rf_estimators": 0,
  "rf_njobs": 1,
  "rf_max_tree_depth": 22,
  "rf_min_samples_leaf": 15,
  "gbt_n_estimators": 0,
  "gbt_learning_rate": 0.0,
  "gbt_max_depth": 0,
  "dtc_max_depth": 0,
  "dtc_min_samples_leaf": 0,
  "C": 0.0,
  "gamma": 0.0,
  "coef0": 0.0,
  "tol": 0.0,
  "max_iter": 0,
  "alpha": 0.0,
  "l1_ratio": 0.0,
  "n_jobs": 0,
  "learn_rate": 0.1,
  "ntrees": 50,
  "max_depth": 5,
  "min_rows": 10,
  "nbins": 20,
  "mtries": -1,
  "sample_rate": 0.6666,
  "standardize": 1,
  "family": "gaussian",
  "lambda": 1.0E-5,
  "beta_epsilon": 1.0E-4,
  "tweedie_variance_power": 0.0,
  "n_folds": 0,
  "adaptive_rate": 1,
  "rho": 0.95,
  "epsilon": 1.0E-6,
  "rate": 0.0,
  "rate_annealing": 0.0,
  "input_dropout_ratio": 0.0,
  "l1": 0.0,
  "l2": 0.0,
  "mllib_logit_max_iter": 10,
  "mllib_logit_reg_param": 0.1,
  "mllib_logit_enet_param": 1.0,
  "mllib_linreg_max_iter": 10,
  "mllib_linreg_reg_param": 0.1,
  "mllib_linreg_enet_param": 1.0,
  "mllib_rf_cache_node_ids": false,
  "mllib_rf_checkpoint_interval": 10,
  "mllib_rf_subset_strategy": "auto",
  "mllib_rf_impurity": "gini",
  "mllib_rf_max_bins": 32,
  "mllib_rf_max_depth": 5,
  "mllib_rf_max_memory_mb": 256,
  "mllib_rf_min_info_gain": 0.0,
  "mllib_rf_min_instance_per_node": 1,
  "mllib_rf_num_trees": 20,
  "mllib_rf_seed": 0,
  "mllib_rf_subsampling_rate": 1.0,
  "mllib_gbt_cache_node_ids": false,
  "mllib_gbt_checkpoint_interval": 10,
  "mllib_gbt_impurity": "gini",
  "mllib_gbt_max_bins": 32,
  "mllib_gbt_max_depth": 5,
  "mllib_gbt_max_memory_mb": 256,
  "mllib_gbt_min_info_gain": 0.0,
  "mllib_gbt_min_instance_per_node": 1,
  "mllib_gbt_seed": 0,
  "mllib_gbt_step_size": 0.1,
  "mllib_gbt_subsampling_rate": 1.0,
  "metrics": {
    "evaluationMetric": "R2",
    "customEvaluationMetricGIB": true,
    "customEvaluationMetricNeedsProba": false,
    "costMatrixWeights": {
      "tpGain": 1.0,
      "tnGain": 0.0,
      "fpGain": -0.3,
      "fnGain": 0.0
    },
    "liftPoint": 0.4
  },
  "autoOptimizeThreshold": true,
  "forcedClassifierThreshold": 0.0,
  "computeLearningCurves": false,
  "grid_search": false
}