{
    "trainingTime": 15529, 
    "state": "DONE", 
    "startTime": 1455564189260, 
    "preprocessingTime": 123, 
    "progress": {
        "top_level_todo": [], 
        "stack": [], 
        "top_level_done": [
            {
                "name": "Loading train set", 
                "time": 26
            }, 
            {
                "name": "Loading test set", 
                "time": 7
            }, 
            {
                "name": "Collecting statistics", 
                "time": 34
            }, 
            {
                "name": "Preprocessing train set", 
                "time": 41
            }, 
            {
                "name": "Preprocessing test set", 
                "time": 15
            }, 
            {
                "name": "Fitting model", 
                "time": 15399
            }, 
            {
                "name": "Saving model", 
                "time": 33
            }, 
            {
                "name": "Scoring model", 
                "time": 92
            }
        ]
    }, 
    "endTime": 1455564204912, 
    "modelId": "NA"
}