{
  "sections": [
    {
      "title": "Revenue",
      "pinlets": [
        {
          "box": {
            "top": 0,
            "left": 0,
            "width": 1,
            "height": 1
          },
          "insightId": "Qkgq4HC"
        },
        {
          "box": {
            "top": 0,
            "left": 1,
            "width": 1,
            "height": 1
          },
          "insightId": "jqN12Xl"
        },
        {
          "box": {
            "top": 0,
            "left": 2,
            "width": 1,
            "height": 1
          },
          "insightId": "OtcX9Wu"
        }
      ]
    },
    {
      "title": "Customers",
      "pinlets": [
        {
          "box": {
            "top": 0,
            "left": 0,
            "width": 1,
            "height": 1
          },
          "insightId": "r9EKPlW"
        },
        {
          "box": {
            "top": 0,
            "left": 1,
            "width": 1,
            "height": 1
          },
          "insightId": "88eNkxx"
        }
      ]
    }
  ],
  "datasetNames": [
    "web_history_enriched",
    "crm_history_enriched"
  ]
}