{
  "inputDatasetSmartName": "web_last_month_enriched",
  "script": {
    "steps": [],
    "tags": [],
    "explorationSampling": {
      "selection": {
        "samplingMethod": "HEAD_SEQUENTIAL",
        "partitionSelectionMethod": "ALL",
        "maxRecords": 30000,
        "targetRatio": 0.02
      },
      "autoRefreshSample": false,
      "_refreshTrigger": 0
    },
    "vizSampling": {
      "autoRefreshSample": false,
      "_refreshTrigger": 0
    },
    "exploreUIParams": {},
    "explorationFilters": [],
    "charts": [],
    "chartsEngine": "LINO"
  },
  "versionTag": {
    "versionNumber": 1,
    "lastModifiedBy": {
      "login": "admin",
      "displayName": "Robert Dempsey"
    },
    "lastModifiedOn": 1455564338537
  },
  "creationTag": {
    "versionNumber": 0,
    "lastModifiedBy": {
      "login": "admin",
      "displayName": "Robert Dempsey"
    },
    "lastModifiedOn": 1455564048956
  },
  "name": "train_model_web_history_prepared",
  "tags": [],
  "checklists": {
    "checklists": []
  }
}