{
    "per_feature": {
        "pages_visited": {
            "stats": {
                "std": 2.5286163346295902, 
                "p99": 14.0, 
                "min": 1.0, 
                "max": 14.0, 
                "average": 6.06066713695455, 
                "median": 6.0
            }, 
            "missing_impute_with_value": 6.06066713695455
        }, 
        "revenue": {
            "stats": {}
        }, 
        "ip": {
            "stats": {}
        }, 
        "campain": {
            "category_cardinality_in_train": 2, 
            "stats": {
                "mostFrequentValue": "False", 
                "leastFrequentValue": "True"
            }, 
            "category_need_others": false, 
            "category_possible_values": [
                "False", 
                "True"
            ]
        }, 
        "ip_country": {
            "category_cardinality_in_train": 134, 
            "stats": {
                "mostFrequentValue": "United States", 
                "leastFrequentValue": "Liberia"
            }, 
            "category_need_others": true, 
            "category_possible_values": [
                "United States", 
                "China", 
                "Japan", 
                "Germany", 
                "United Kingdom", 
                "France", 
                "Canada", 
                "South Korea", 
                "Brazil", 
                "Italy", 
                "Netherlands", 
                "Russia", 
                "Australia", 
                "India", 
                "Spain", 
                "Taiwan", 
                "Mexico", 
                "South Africa", 
                "Sweden", 
                "Switzerland", 
                "Poland", 
                "Argentina", 
                "Norway", 
                "Finland", 
                "Turkey", 
                "Colombia", 
                "Austria", 
                "Indonesia", 
                "Belgium", 
                "Ukraine", 
                "Denmark", 
                "Romania", 
                "Egypt", 
                "Vietnam", 
                "Chile", 
                "Israel", 
                "Thailand", 
                "Greece", 
                "Ireland", 
                "Venezuela", 
                "Iran", 
                "Portugal", 
                "Hungary", 
                "Philippines", 
                "New Zealand", 
                "Singapore", 
                "Malaysia", 
                "Morocco", 
                "Bulgaria", 
                "Saudi Arabia", 
                "United Arab Emirates", 
                "Lithuania", 
                "Slovenia", 
                "Pakistan", 
                "Algeria", 
                "Peru", 
                "Seychelles", 
                "Ecuador", 
                "Tunisia", 
                "Slovakia", 
                "Panama", 
                "Uruguay", 
                "Serbia", 
                "Belarus", 
                "Croatia", 
                "Kuwait", 
                "Latvia", 
                "Kenya", 
                "Kazakhstan", 
                "Iceland", 
                "Dominican Republic", 
                "Bosnia and Herzegovina", 
                "Nigeria", 
                "Moldova", 
                "Costa Rica", 
                "Georgia", 
                "Bangladesh", 
                "Paraguay", 
                "Bolivia", 
                "Ghana", 
                "Estonia", 
                "Luxembourg", 
                "Mauritius", 
                "Angola", 
                "Lebanon", 
                "Namibia", 
                "Albania", 
                "El Salvador", 
                "Cyprus", 
                "Armenia", 
                "Guatemala", 
                "Bahrain", 
                "Honduras", 
                "Tanzania", 
                "Nepal", 
                "Oman", 
                "Libya", 
                "Sri Lanka", 
                "Jamaica", 
                "Trinidad and Tobago", 
                "Senegal"
            ]
        }, 
        "customer_id": {
            "category_cardinality_in_train": 18884, 
            "stats": {
                "mostFrequentValue": "ac91f77186", 
                "leastFrequentValue": "c70a4393e7"
            }, 
            "category_need_others": true, 
            "category_possible_values": [
                "ac91f77186", 
                "ce9873d43e", 
                "591003f7ce", 
                "7132339d8a", 
                "ce7bd68e91", 
                "1d945f9b6b", 
                "6d608bda89", 
                "8f4561e96b", 
                "71300e1fa9", 
                "9c4b7e1a56", 
                "fa203d2371", 
                "5158831359", 
                "031f9ed919", 
                "f0ad6c883d", 
                "389e42af27", 
                "dd3878114b", 
                "6dadc8ea52", 
                "b49c25d171", 
                "539259fda3", 
                "de51d3d09d", 
                "ba4f0d2af7", 
                "d239d595dd", 
                "0eb42396f3", 
                "29819aae99", 
                "f8a9823cca", 
                "4cae1f8df4", 
                "8dc74385a2", 
                "c871e723af", 
                "63670e36d0", 
                "f5a21826aa", 
                "fd2f58a71a", 
                "abc97a08e6", 
                "ffb031f831", 
                "5148e40370", 
                "ad5b63fc6a", 
                "3851b2e865", 
                "a953c3f3ab", 
                "671b385aba", 
                "b7bf54b22f", 
                "93aa93247b", 
                "9bc27a60a7", 
                "4564906138", 
                "234c83d34c", 
                "15bdac8851", 
                "98441095ff", 
                "5475ba1c15", 
                "61385978e2", 
                "7fb566bb70", 
                "73920f996f", 
                "91ca28692e", 
                "c2dfdfa2a3", 
                "180e551cdd", 
                "e33879084e", 
                "438db6d8df", 
                "de1aa4d02c", 
                "57eee8030c", 
                "a103f52381", 
                "35e9463d56", 
                "a9dd7e3c6e", 
                "9c54ff0b12", 
                "87f794127e", 
                "999a91685e", 
                "f2aaeb444a", 
                "994a2c8e4f", 
                "9274111e50", 
                "d0e4791100", 
                "3dff32f4dc", 
                "a4dc1548af", 
                "47557ca2a8", 
                "0f0545cf9b", 
                "579f782569", 
                "f3c858ef8e", 
                "679547dc3b", 
                "9f94ca769a", 
                "3de1cc9e39", 
                "9e4c7b2fcf", 
                "3a313da8ff", 
                "053d04d13d", 
                "833e01fe66", 
                "869d4e4e10", 
                "45cb5bb56a", 
                "9837849996", 
                "dd4b7194e5", 
                "4983dfa4a5", 
                "886499a3ba", 
                "772777c7ce", 
                "c2cba15c1f", 
                "50c88af0d9", 
                "ada842dc06", 
                "a03aafbba8", 
                "b54f04389a", 
                "f456ff82c9", 
                "d47b20fb1a", 
                "a535af428b", 
                "4a2e6b435a", 
                "adbf00ec03", 
                "36f0bc33fa", 
                "a3f9e3a56c", 
                "415f5f6f0e", 
                "88de39a6c3", 
                "6faa7065d2"
            ]
        }
    }, 
    "feature_order": [
        "pages_visited", 
        "revenue", 
        "ip", 
        "campain", 
        "ip_country", 
        "customer_id"
    ]
}