{
  "publishPolicy": "UNCONDITIONAL",
  "name": "model_web_history_prepared",
  "type": "PREDICTION",
  "activeVersion": "initial",
  "tags": [],
  "versionTag": {
    "versionNumber": 0,
    "lastModifiedBy": {
      "login": "admin",
      "displayName": "Robert Dempsey"
    },
    "lastModifiedOn": 1455564353839
  },
  "conditionalOutputs": [],
  "miniTask": {
    "backendType": "PY_MEMORY",
    "sparkPreparedDFStorageLevel": "MEMORY_AND_DISK",
    "sparkRepartitionNonHDFS": 1,
    "predictionType": "REGRESSION",
    "targetVariable": "revenue",
    "modeling": {
      "random_forest_regression": {
        "enabled": false,
        "mode": "auto",
        "n_jobs": 1,
        "max_tree_depth": 8,
        "min_samples_leaf": 3
      },
      "gbt_classification": {
        "enabled": false,
        "n_estimators": [
          100
        ],
        "learning_rate": 0.1,
        "deviance": true,
        "exponential": false,
        "max_depth": 3
      },
      "decision_tree_classification": {
        "enabled": false,
        "max_depth": [
          5
        ],
        "gini": true,
        "entropy": false,
        "min_samples_leaf": [
          1
        ],
        "best": true,
        "random": false
      },
      "ridge_regression": {
        "alphaMode": "MANUAL",
        "alpha": [
          0.1,
          1.0,
          3.0
        ],
        "enabled": false
      },
      "lasso_regression": {
        "alphaMode": "AUTO_CV",
        "enabled": false
      },
      "leastsquare_regression": {
        "enabled": false
      },
      "random_forest_classification": {
        "enabled": false,
        "mode": "auto",
        "n_jobs": 1,
        "max_tree_depth": 8,
        "min_samples_leaf": 3
      },
      "logistic_regression": {
        "enabled": false,
        "l1": true,
        "l2": false,
        "C": [
          0.1
        ]
      },
      "svc_classifier": {
        "enabled": false,
        "C": [
          1.0
        ],
        "gamma": [
          0.0
        ],
        "linear": false,
        "poly": false,
        "rbf": true,
        "sigmoid": false,
        "coef0": 0.0,
        "tol": 0.001,
        "max_iter": -1
      },
      "sgd_classifier": {
        "enabled": false,
        "log": true,
        "modified_huber": false,
        "l2": false,
        "l1": true,
        "elasticnet": false,
        "alpha": [
          0.1,
          0.01,
          0.001
        ],
        "l1_ratio": 0.15,
        "n_iter": 50,
        "n_jobs": 1
      },
      "deep_learning_h2o": {
        "enabled": false,
        "hidden": "100,100",
        "epochs": 10.0,
        "adaptative_rate": true,
        "rho": 0.95,
        "epsilon": 1.0E-6,
        "rate": 1.0E-5,
        "rate_annealing": 0.0,
        "input_dropout_ratio": 0.0,
        "l1": 0.0,
        "l2": 0.0
      },
      "distributed_rf_h2o": {
        "enabled": false,
        "ntrees": 50,
        "max_depth": 5,
        "min_rows": 1,
        "sample_rate": 0.6666,
        "nbins": 20,
        "build_tree_one_node": false
      },
      "gbm_h2o": {
        "enabled": false,
        "learn_rate": 0.1,
        "ntrees": 50,
        "max_depth": 5,
        "min_rows": 10,
        "nbins": 20,
        "family": "AUTO",
        "grid_parallelism": -1
      },
      "glm_h2o": {
        "enabled": false,
        "max_iter": 10000,
        "standardize": true,
        "n_folds": 0,
        "tweedie_variance_power": 0.0,
        "family": "gaussian",
        "alphas": [
          0.5
        ],
        "lambdas": [
          1.0E-5
        ],
        "beta_epsilon": 1.0E-4
      },
      "mllib_logit": {
        "enabled": false,
        "max_iter": 10,
        "reg_param": [
          0.1
        ],
        "enet_param": [
          1.0
        ]
      },
      "mllib_linreg": {
        "enabled": false,
        "max_iter": 10,
        "reg_param": [
          0.1
        ],
        "enet_param": [
          1.0
        ]
      },
      "mllib_rf": {
        "enabled": false,
        "cache_node_ids": false,
        "checkpoint_interval": 10,
        "impurity": "gini",
        "max_bins": 32,
        "max_depth": 5,
        "max_memory_mb": 256,
        "min_info_gain": 0.0,
        "min_instance_per_node": 1,
        "seed": 1337,
        "subsampling_rate": 1.0,
        "num_trees": 20,
        "subset_strategy": "auto",
        "step_size": 0.1
      },
      "mllib_gbt": {
        "enabled": false,
        "cache_node_ids": false,
        "checkpoint_interval": 10,
        "impurity": "gini",
        "max_bins": 32,
        "max_depth": 5,
        "max_memory_mb": 256,
        "min_info_gain": 0.0,
        "min_instance_per_node": 1,
        "seed": 1337,
        "subsampling_rate": 1.0,
        "num_trees": 20,
        "subset_strategy": "auto",
        "step_size": 0.1
      },
      "custom_python": {
        "enabled": false
      },
      "grid_search": false,
      "metrics": {
        "evaluationMetric": "R2",
        "customEvaluationMetricGIB": true,
        "customEvaluationMetricNeedsProba": false,
        "costMatrixWeights": {
          "tpGain": 1.0,
          "tnGain": 0.0,
          "fpGain": -0.3,
          "fnGain": 0.0
        },
        "liftPoint": 0.4
      }
    },
    "taskType": "PREDICTION",
    "predictionDisplayScript": {
      "steps": [],
      "tags": [],
      "explorationSampling": {
        "selection": {
          "samplingMethod": "HEAD_SEQUENTIAL",
          "partitionSelectionMethod": "ALL",
          "maxRecords": 30000,
          "targetRatio": 0.02
        },
        "autoRefreshSample": false,
        "_refreshTrigger": 0
      },
      "vizSampling": {
        "autoRefreshSample": false,
        "_refreshTrigger": 0
      },
      "exploreUIParams": {},
      "explorationFilters": [],
      "charts": [],
      "chartsEngine": "LINO"
    }
  }
}