{
  "type": "shaker",
  "inputs": {
    "main": {
      "items": [
        {
          "ref": "dss_dde_cleaned_work_phone",
          "deps": []
        }
      ]
    }
  },
  "outputs": {
    "main": {
      "items": [
        {
          "ref": "account_data",
          "appendMode": false
        }
      ]
    }
  },
  "neverRecomputeExistingPartitions": false,
  "optionalDependencies": false,
  "params": {
    "engine": "DSS_STREAM",
    "hadoopConfigKeys": []
  },
  "checklists": {
    "checklists": []
  },
  "tags": [],
  "versionTag": {
    "versionNumber": 6,
    "lastModifiedBy": {
      "login": "admin",
      "displayName": "Robert Dempsey"
    },
    "lastModifiedOn": 1455670589091
  },
  "redispatchPartitioning": false
}